2026-05-08 06:03:37,146 - ---Stats [06:03:37]---
2026-05-08 06:03:37,146 - CPU Usage    : 6.7%
2026-05-08 06:03:37,146 - RAM Usage    : 7.7%  (598 MB used)
2026-05-08 06:03:37,146 - Disk Usage   : 0.2% (2 GB used)
2026-05-08 06:03:42,147 - ---Stats [06:03:42]---
2026-05-08 06:03:42,147 - CPU Usage    : 0.1%
2026-05-08 06:03:42,149 - RAM Usage    : 7.7%  (598 MB used)
2026-05-08 06:03:42,149 - Disk Usage   : 0.2% (2 GB used)
2026-05-08 06:04:02,094 - ---Stats [06:04:02]---
2026-05-08 06:04:02,094 - CPU Usage    : 7.7%
2026-05-08 06:04:02,094 - RAM Usage    : 7.7%  (598 MB used)
2026-05-08 06:04:02,094 - Disk Usage   : 0.2% (2 GB used)
2026-05-08 06:04:07,095 - ---Stats [06:04:07]---
2026-05-08 06:04:07,096 - CPU Usage    : 0.1%
2026-05-08 06:04:07,096 - RAM Usage    : 7.7%  (597 MB used)
2026-05-08 06:04:07,096 - Disk Usage   : 0.2% (2 GB used)
2026-05-08 06:04:12,096 - ---Stats [06:04:12]---
2026-05-08 06:04:12,096 - CPU Usage    : 0.1%
2026-05-08 06:04:12,097 - RAM Usage    : 7.7%  (598 MB used)
2026-05-08 06:04:12,097 - Disk Usage   : 0.2% (2 GB used)
2026-05-08 06:04:17,103 - ---Stats [06:04:17]---
2026-05-08 06:04:17,104 - CPU Usage    : 0.0%
2026-05-08 06:04:17,116 - RAM Usage    : 7.7%  (598 MB used)
2026-05-08 06:04:17,117 - Disk Usage   : 0.2% (2 GB used)
2026-05-08 06:04:22,117 - ---Stats [06:04:22]---
2026-05-08 06:04:22,118 - CPU Usage    : 0.1%
2026-05-08 06:04:22,118 - RAM Usage    : 7.7%  (598 MB used)
2026-05-08 06:04:22,118 - Disk Usage   : 0.2% (2 GB used)
2026-05-08 06:04:27,118 - ---Stats [06:04:27]---
2026-05-08 06:04:27,118 - CPU Usage    : 0.0%
2026-05-08 06:04:27,131 - RAM Usage    : 7.7%  (598 MB used)
2026-05-08 06:04:27,132 - Disk Usage   : 0.2% (2 GB used)
2026-05-08 06:04:32,132 - ---Stats [06:04:32]---
2026-05-08 06:04:32,132 - CPU Usage    : 0.0%
2026-05-08 06:04:32,133 - RAM Usage    : 7.7%  (598 MB used)
2026-05-08 06:04:32,133 - Disk Usage   : 0.2% (2 GB used)
2026-05-08 06:04:37,133 - ---Stats [06:04:37]---
2026-05-08 06:04:37,133 - CPU Usage    : 0.0%
2026-05-08 06:04:37,133 - RAM Usage    : 7.7%  (598 MB used)
2026-05-08 06:04:37,133 - Disk Usage   : 0.2% (2 GB used)
2026-05-08 06:04:42,135 - ---Stats [06:04:42]---
2026-05-08 06:04:42,135 - CPU Usage    : 0.0%
2026-05-08 06:04:42,135 - RAM Usage    : 7.7%  (598 MB used)
2026-05-08 06:04:42,135 - Disk Usage   : 0.2% (2 GB used)
2026-05-08 06:04:47,136 - ---Stats [06:04:47]---
2026-05-08 06:04:47,136 - CPU Usage    : 0.1%
2026-05-08 06:04:47,136 - RAM Usage    : 7.7%  (597 MB used)
2026-05-08 06:04:47,136 - Disk Usage   : 0.2% (2 GB used)
2026-05-08 06:04:52,137 - ---Stats [06:04:52]---
2026-05-08 06:04:52,137 - CPU Usage    : 0.0%
2026-05-08 06:04:52,150 - RAM Usage    : 7.7%  (597 MB used)
2026-05-08 06:04:52,150 - Disk Usage   : 0.2% (2 GB used)
2026-05-08 06:04:57,151 - ---Stats [06:04:57]---
2026-05-08 06:04:57,152 - CPU Usage    : 0.0%
2026-05-08 06:04:57,152 - RAM Usage    : 7.7%  (597 MB used)
2026-05-08 06:04:57,152 - Disk Usage   : 0.2% (2 GB used)
2026-05-08 06:05:02,153 - ---Stats [06:05:02]---
2026-05-08 06:05:02,153 - CPU Usage    : 0.0%
2026-05-08 06:05:02,153 - RAM Usage    : 7.7%  (597 MB used)
2026-05-08 06:05:02,153 - Disk Usage   : 0.2% (2 GB used)
2026-05-08 06:05:07,153 - ---Stats [06:05:07]---
2026-05-08 06:05:07,153 - CPU Usage    : 0.0%
2026-05-08 06:05:07,153 - RAM Usage    : 7.7%  (597 MB used)
2026-05-08 06:05:07,153 - Disk Usage   : 0.2% (2 GB used)
2026-05-08 06:05:12,154 - ---Stats [06:05:12]---
2026-05-08 06:05:12,154 - CPU Usage    : 0.1%
2026-05-08 06:05:12,154 - RAM Usage    : 7.7%  (597 MB used)
2026-05-08 06:05:12,154 - Disk Usage   : 0.2% (2 GB used)
2026-05-08 06:05:17,155 - ---Stats [06:05:17]---
2026-05-08 06:05:17,155 - CPU Usage    : 0.0%
2026-05-08 06:05:17,155 - RAM Usage    : 7.7%  (594 MB used)
2026-05-08 06:05:17,155 - Disk Usage   : 0.2% (2 GB used)
2026-05-08 06:05:22,155 - ---Stats [06:05:22]---
2026-05-08 06:05:22,156 - CPU Usage    : 0.0%
2026-05-08 06:05:22,167 - RAM Usage    : 7.7%  (594 MB used)
2026-05-08 06:05:22,167 - Disk Usage   : 0.2% (2 GB used)
2026-05-08 06:08:19,890 - ---Stats [06:08:19]---
2026-05-08 06:08:19,891 - CPU Usage    : 12.5%
2026-05-08 06:08:19,891 - RAM Usage    : 7.7%  (596 MB used)
2026-05-08 06:08:19,891 - Disk Usage   : 0.2% (2 GB used)
2026-05-08 06:08:24,892 - ---Stats [06:08:24]---
2026-05-08 06:08:24,892 - CPU Usage    : 0.1%
2026-05-08 06:08:24,905 - RAM Usage    : 7.7%  (596 MB used)
2026-05-08 06:08:24,906 - Disk Usage   : 0.2% (2 GB used)
2026-05-08 06:08:29,907 - ---Stats [06:08:29]---
2026-05-08 06:08:29,908 - CPU Usage    : 0.1%
2026-05-08 06:08:29,908 - RAM Usage    : 7.7%  (594 MB used)
2026-05-08 06:08:29,908 - Disk Usage   : 0.2% (2 GB used)
2026-05-08 06:08:34,909 - ---Stats [06:08:34]---
2026-05-08 06:08:34,909 - CPU Usage    : 0.0%
2026-05-08 06:08:34,909 - RAM Usage    : 7.7%  (595 MB used)
2026-05-08 06:08:34,909 - Disk Usage   : 0.2% (2 GB used)
2026-05-08 08:47:47,734 - ---Stats [08:47:47]---
2026-05-08 08:47:47,734 - CPU Usage    : 8.3%
2026-05-08 08:47:47,734 - RAM Usage    : 7.8%  (602 MB used)
2026-05-08 08:47:47,734 - Disk Usage   : 0.2% (2 GB used)
2026-05-08 08:47:52,735 - ---Stats [08:47:52]---
2026-05-08 08:47:52,736 - CPU Usage    : 0.0%
2026-05-08 08:47:52,750 - RAM Usage    : 7.8%  (602 MB used)
2026-05-08 08:47:52,751 - Disk Usage   : 0.2% (2 GB used)
2026-05-08 08:49:59,813 - ---Stats [08:49:59]---
2026-05-08 08:49:59,813 - CPU Usage    : 16.1%
2026-05-08 08:49:59,813 - RAM Usage    : 7.8%  (605 MB used)
2026-05-08 08:49:59,813 - Disk Usage   : 0.2% (2 GB used)
2026-05-08 08:50:04,815 - ---Stats [08:50:04]---
2026-05-08 08:50:04,816 - CPU Usage    : 0.1%
2026-05-08 08:50:04,828 - RAM Usage    : 7.8%  (605 MB used)
2026-05-08 08:50:04,829 - Disk Usage   : 0.2% (2 GB used)
2026-05-08 08:59:58,066 - ---Stats [08:59:58]---
2026-05-08 08:59:58,066 - CPU Usage    : 8.3%
2026-05-08 08:59:58,067 - RAM Usage    : 7.7%  (596 MB used)
2026-05-08 08:59:58,067 - Disk Usage   : 0.2% (2 GB used)
2026-05-08 08:59:58,067 - alert : cpu high!!!
2026-05-08 09:00:59,245 - ---Stats [09:00:59]---
2026-05-08 09:00:59,245 - CPU Usage    : 10.7%
2026-05-08 09:00:59,245 - RAM Usage    : 7.7%  (595 MB used)
2026-05-08 09:00:59,245 - Disk Usage   : 0.2% (2 GB used)
2026-05-08 09:00:59,245 - alert : cpu high!!!
2026-05-08 09:01:10,111 - ---Stats [09:01:10]---
2026-05-08 09:01:10,111 - CPU Usage    : 0.1%
2026-05-08 09:01:10,112 - RAM Usage    : 7.7%  (597 MB used)
2026-05-08 09:01:10,112 - Disk Usage   : 0.2% (2 GB used)
2026-05-08 09:01:10,112 - alert : cpu high!!!
2026-05-08 09:01:29,245 - ---Stats [09:01:29]---
2026-05-08 09:01:29,245 - CPU Usage    : 0.0%
2026-05-08 09:01:29,246 - RAM Usage    : 7.7%  (596 MB used)
2026-05-08 09:01:29,246 - Disk Usage   : 0.2% (2 GB used)
2026-05-08 09:01:29,246 - alert : cpu high!!!
2026-05-08 09:01:39,193 - ---Stats [09:01:39]---
2026-05-08 09:01:39,194 - CPU Usage    : 0.1%
2026-05-08 09:01:39,194 - RAM Usage    : 7.7%  (597 MB used)
2026-05-08 09:01:39,194 - Disk Usage   : 0.2% (2 GB used)
2026-05-08 09:01:39,194 - alert : cpu high!!!
2026-05-08 09:01:49,486 - ---Stats [09:01:49]---
2026-05-08 09:01:49,486 - CPU Usage    : 0.1%
2026-05-08 09:01:49,487 - RAM Usage    : 7.7%  (597 MB used)
2026-05-08 09:01:49,487 - Disk Usage   : 0.2% (2 GB used)
2026-05-08 09:01:49,487 - alert : cpu high!!!
2026-05-08 09:02:08,818 - ---Stats [09:02:08]---
2026-05-08 09:02:08,818 - CPU Usage    : 6.7%
2026-05-08 09:02:08,818 - RAM Usage    : 7.7%  (598 MB used)
2026-05-08 09:02:08,818 - Disk Usage   : 0.2% (2 GB used)
2026-05-08 09:02:08,818 - alert : cpu high!!!
2026-05-08 09:02:18,907 - ---Stats [09:02:18]---
2026-05-08 09:02:18,908 - CPU Usage    : 0.1%
2026-05-08 09:02:18,908 - RAM Usage    : 7.7%  (598 MB used)
2026-05-08 09:02:18,908 - Disk Usage   : 0.2% (2 GB used)
2026-05-08 09:02:18,908 - alert : cpu high!!!
2026-05-08 13:56:34,177 - Email failed: name 'sender' is not defined
2026-05-08 13:56:34,191 - ---Stats [13:56:34]---
2026-05-08 13:56:34,191 - CPU Usage    : 0.3%
2026-05-08 13:56:34,191 - RAM Usage    : 7.5%  (583 MB used)
2026-05-08 13:56:34,191 - Disk Usage   : 0.2% (2 GB used)
2026-05-08 13:56:39,192 - ---Stats [13:56:39]---
2026-05-08 13:56:39,193 - CPU Usage    : 0.0%
2026-05-08 13:56:39,193 - RAM Usage    : 7.5%  (583 MB used)
2026-05-08 13:56:39,193 - Disk Usage   : 0.2% (2 GB used)
2026-05-08 14:14:54,608 - ---Stats [14:14:54]---
2026-05-08 14:14:54,609 - CPU Usage    : 8.2%
2026-05-08 14:14:54,609 - RAM Usage    : 7.4%  (577 MB used)
2026-05-08 14:14:54,609 - Disk Usage   : 0.2% (2 GB used)
2026-05-08 14:14:59,610 - ---Stats [14:14:59]---
2026-05-08 14:14:59,611 - CPU Usage    : 0.0%
2026-05-08 14:14:59,611 - RAM Usage    : 7.5%  (578 MB used)
2026-05-08 14:14:59,611 - Disk Usage   : 0.2% (2 GB used)
2026-05-09 09:59:37,788 - ---Stats [09:59:37]---
2026-05-09 09:59:37,789 - CPU Usage    : 6.4%
2026-05-09 09:59:37,789 - RAM Usage    : 7.6%  (588 MB used)
2026-05-09 09:59:37,789 - Disk Usage   : 0.2% (2 GB used)
2026-05-09 09:59:42,790 - ---Stats [09:59:42]---
2026-05-09 09:59:42,791 - CPU Usage    : 0.0%
2026-05-09 09:59:42,791 - RAM Usage    : 7.6%  (588 MB used)
2026-05-09 09:59:42,791 - Disk Usage   : 0.2% (2 GB used)
2026-05-09 09:59:47,792 - ---Stats [09:59:47]---
2026-05-09 09:59:47,792 - CPU Usage    : 0.1%
2026-05-09 09:59:47,792 - RAM Usage    : 7.6%  (588 MB used)
2026-05-09 09:59:47,792 - Disk Usage   : 0.2% (2 GB used)
2026-05-10 08:23:32,869 - ---Stats [08:23:32]---
2026-05-10 08:23:32,870 - CPU Usage    : 9.1%
2026-05-10 08:23:32,870 - RAM Usage    : 7.5%  (582 MB used)
2026-05-10 08:23:32,870 - Disk Usage   : 0.2% (2 GB used)
2026-05-10 08:23:37,871 - ---Stats [08:23:37]---
2026-05-10 08:23:37,871 - CPU Usage    : 0.0%
2026-05-10 08:23:37,871 - RAM Usage    : 7.5%  (582 MB used)
2026-05-10 08:23:37,871 - Disk Usage   : 0.2% (2 GB used)
2026-05-10 08:23:42,872 - ---Stats [08:23:42]---
2026-05-10 08:23:42,885 - CPU Usage    : 0.2%
2026-05-10 08:23:42,885 - RAM Usage    : 7.5%  (580 MB used)
2026-05-10 08:23:42,885 - Disk Usage   : 0.2% (2 GB used)
2026-05-10 08:23:47,886 - ---Stats [08:23:47]---
2026-05-10 08:23:47,886 - CPU Usage    : 0.3%
2026-05-10 08:23:47,887 - RAM Usage    : 7.5%  (582 MB used)
2026-05-10 08:23:47,887 - Disk Usage   : 0.2% (2 GB used)
2026-05-10 08:23:52,888 - ---Stats [08:23:52]---
2026-05-10 08:23:52,888 - CPU Usage    : 0.0%
2026-05-10 08:23:52,889 - RAM Usage    : 7.5%  (580 MB used)
2026-05-10 08:23:52,889 - Disk Usage   : 0.2% (2 GB used)
2026-05-10 08:23:57,889 - ---Stats [08:23:57]---
2026-05-10 08:23:57,891 - CPU Usage    : 0.0%
2026-05-10 08:23:57,891 - RAM Usage    : 7.5%  (580 MB used)
2026-05-10 08:23:57,891 - Disk Usage   : 0.2% (2 GB used)
2026-05-10 08:24:02,892 - ---Stats [08:24:02]---
2026-05-10 08:24:02,892 - CPU Usage    : 0.0%
2026-05-10 08:24:02,892 - RAM Usage    : 7.5%  (580 MB used)
2026-05-10 08:24:02,892 - Disk Usage   : 0.2% (2 GB used)
2026-05-10 08:24:07,893 - ---Stats [08:24:07]---
2026-05-10 08:24:07,893 - CPU Usage    : 0.0%
2026-05-10 08:24:07,895 - RAM Usage    : 7.5%  (580 MB used)
2026-05-10 08:24:07,895 - Disk Usage   : 0.2% (2 GB used)
2026-05-10 08:24:12,896 - ---Stats [08:24:12]---
2026-05-10 08:24:12,896 - CPU Usage    : 0.0%
2026-05-10 08:24:12,909 - RAM Usage    : 7.5%  (580 MB used)
2026-05-10 08:24:12,909 - Disk Usage   : 0.2% (2 GB used)
2026-05-10 08:24:17,910 - ---Stats [08:24:17]---
2026-05-10 08:24:17,910 - CPU Usage    : 0.1%
2026-05-10 08:24:17,910 - RAM Usage    : 7.5%  (581 MB used)
2026-05-10 08:24:17,911 - Disk Usage   : 0.2% (2 GB used)
2026-05-10 08:24:22,915 - ---Stats [08:24:22]---
2026-05-10 08:24:22,916 - CPU Usage    : 0.0%
2026-05-10 08:24:22,929 - RAM Usage    : 7.5%  (581 MB used)
2026-05-10 08:24:22,929 - Disk Usage   : 0.2% (2 GB used)
2026-05-10 08:24:27,931 - ---Stats [08:24:27]---
2026-05-10 08:24:27,931 - CPU Usage    : 0.0%
2026-05-10 08:24:27,931 - RAM Usage    : 7.5%  (581 MB used)
2026-05-10 08:24:27,931 - Disk Usage   : 0.2% (2 GB used)
2026-05-10 08:24:32,932 - ---Stats [08:24:32]---
2026-05-10 08:24:32,932 - CPU Usage    : 0.1%
2026-05-10 08:24:32,932 - RAM Usage    : 7.5%  (581 MB used)
2026-05-10 08:24:32,932 - Disk Usage   : 0.2% (2 GB used)
2026-05-10 08:24:37,933 - ---Stats [08:24:37]---
2026-05-10 08:24:37,934 - CPU Usage    : 0.0%
2026-05-10 08:24:37,947 - RAM Usage    : 7.5%  (581 MB used)
2026-05-10 08:24:37,947 - Disk Usage   : 0.2% (2 GB used)
2026-05-10 08:24:42,948 - ---Stats [08:24:42]---
2026-05-10 08:24:42,948 - CPU Usage    : 0.0%
2026-05-10 08:24:42,961 - RAM Usage    : 7.5%  (581 MB used)
2026-05-10 08:24:42,961 - Disk Usage   : 0.2% (2 GB used)
2026-05-10 08:24:47,962 - ---Stats [08:24:47]---
2026-05-10 08:24:47,969 - CPU Usage    : 0.1%
2026-05-10 08:24:47,969 - RAM Usage    : 7.5%  (580 MB used)
2026-05-10 08:24:47,969 - Disk Usage   : 0.2% (2 GB used)
2026-05-10 08:24:52,970 - ---Stats [08:24:52]---
2026-05-10 08:24:52,970 - CPU Usage    : 0.1%
2026-05-10 08:24:52,970 - RAM Usage    : 7.4%  (577 MB used)
2026-05-10 08:24:52,970 - Disk Usage   : 0.2% (2 GB used)
2026-05-10 08:24:57,971 - ---Stats [08:24:57]---
2026-05-10 08:24:57,971 - CPU Usage    : 0.0%
2026-05-10 08:24:57,985 - RAM Usage    : 7.4%  (577 MB used)
2026-05-10 08:24:57,986 - Disk Usage   : 0.2% (2 GB used)
2026-05-10 08:25:02,986 - ---Stats [08:25:02]---
2026-05-10 08:25:02,986 - CPU Usage    : 0.0%
2026-05-10 08:25:02,986 - RAM Usage    : 7.4%  (577 MB used)
2026-05-10 08:25:02,986 - Disk Usage   : 0.2% (2 GB used)
2026-05-10 08:25:07,987 - ---Stats [08:25:07]---
2026-05-10 08:25:07,988 - CPU Usage    : 0.0%
2026-05-10 08:25:07,988 - RAM Usage    : 7.4%  (577 MB used)
2026-05-10 08:25:07,988 - Disk Usage   : 0.2% (2 GB used)
2026-05-10 08:25:12,988 - ---Stats [08:25:12]---
2026-05-10 08:25:12,989 - CPU Usage    : 0.0%
2026-05-10 08:25:13,004 - RAM Usage    : 7.4%  (577 MB used)
2026-05-10 08:25:13,005 - Disk Usage   : 0.2% (2 GB used)
2026-05-10 08:25:18,006 - ---Stats [08:25:18]---
2026-05-10 08:25:18,015 - CPU Usage    : 0.0%
2026-05-10 08:25:18,015 - RAM Usage    : 7.5%  (579 MB used)
2026-05-10 08:25:18,015 - Disk Usage   : 0.2% (2 GB used)
2026-05-10 08:25:23,016 - ---Stats [08:25:23]---
2026-05-10 08:25:23,016 - CPU Usage    : 0.0%
2026-05-10 08:25:23,017 - RAM Usage    : 7.5%  (579 MB used)
2026-05-10 08:25:23,017 - Disk Usage   : 0.2% (2 GB used)
2026-05-10 08:25:28,017 - ---Stats [08:25:28]---
2026-05-10 08:25:28,018 - CPU Usage    : 0.0%
2026-05-10 08:25:28,018 - RAM Usage    : 7.5%  (579 MB used)
2026-05-10 08:25:28,018 - Disk Usage   : 0.2% (2 GB used)
2026-05-10 08:25:33,018 - ---Stats [08:25:33]---
2026-05-10 08:25:33,018 - CPU Usage    : 0.0%
2026-05-10 08:25:33,030 - RAM Usage    : 7.5%  (579 MB used)
2026-05-10 08:25:33,031 - Disk Usage   : 0.2% (2 GB used)
2026-05-10 08:25:38,032 - ---Stats [08:25:38]---
2026-05-10 08:25:38,032 - CPU Usage    : 0.0%
2026-05-10 08:25:38,033 - RAM Usage    : 7.5%  (579 MB used)
2026-05-10 08:25:38,033 - Disk Usage   : 0.2% (2 GB used)
2026-05-10 08:25:43,034 - ---Stats [08:25:43]---
2026-05-10 08:25:43,034 - CPU Usage    : 0.0%
2026-05-10 08:25:43,034 - RAM Usage    : 7.5%  (579 MB used)
2026-05-10 08:25:43,034 - Disk Usage   : 0.2% (2 GB used)
2026-05-10 08:25:48,035 - ---Stats [08:25:48]---
2026-05-10 08:25:48,035 - CPU Usage    : 0.1%
2026-05-10 08:25:48,035 - RAM Usage    : 7.5%  (580 MB used)
2026-05-10 08:25:48,035 - Disk Usage   : 0.2% (2 GB used)
2026-05-10 08:25:53,036 - ---Stats [08:25:53]---
2026-05-10 08:25:53,036 - CPU Usage    : 0.0%
2026-05-10 08:25:53,036 - RAM Usage    : 7.5%  (580 MB used)
2026-05-10 08:25:53,036 - Disk Usage   : 0.2% (2 GB used)
2026-05-10 08:25:58,037 - ---Stats [08:25:58]---
2026-05-10 08:25:58,037 - CPU Usage    : 0.0%
2026-05-10 08:25:58,037 - RAM Usage    : 7.5%  (580 MB used)
2026-05-10 08:25:58,037 - Disk Usage   : 0.2% (2 GB used)
2026-05-10 08:26:03,038 - ---Stats [08:26:03]---
2026-05-10 08:26:03,038 - CPU Usage    : 0.0%
2026-05-10 08:26:03,038 - RAM Usage    : 7.5%  (580 MB used)
2026-05-10 08:26:03,038 - Disk Usage   : 0.2% (2 GB used)
2026-05-10 08:26:08,039 - ---Stats [08:26:08]---
2026-05-10 08:26:08,040 - CPU Usage    : 0.0%
2026-05-10 08:26:08,053 - RAM Usage    : 7.5%  (580 MB used)
2026-05-10 08:26:08,053 - Disk Usage   : 0.2% (2 GB used)
2026-05-10 08:26:13,054 - ---Stats [08:26:13]---
2026-05-10 08:26:13,054 - CPU Usage    : 0.0%
2026-05-10 08:26:13,067 - RAM Usage    : 7.5%  (580 MB used)
2026-05-10 08:26:13,068 - Disk Usage   : 0.2% (2 GB used)
2026-05-10 08:26:18,069 - ---Stats [08:26:18]---
2026-05-10 08:26:18,070 - CPU Usage    : 0.0%
2026-05-10 08:26:18,070 - RAM Usage    : 7.5%  (580 MB used)
2026-05-10 08:26:18,070 - Disk Usage   : 0.2% (2 GB used)
2026-05-10 08:26:23,072 - ---Stats [08:26:23]---
2026-05-10 08:26:23,072 - CPU Usage    : 0.0%
2026-05-10 08:26:23,073 - RAM Usage    : 7.5%  (580 MB used)
2026-05-10 08:26:23,073 - Disk Usage   : 0.2% (2 GB used)
2026-05-10 08:26:28,074 - ---Stats [08:26:28]---
2026-05-10 08:26:28,074 - CPU Usage    : 0.0%
2026-05-10 08:26:28,074 - RAM Usage    : 7.5%  (580 MB used)
2026-05-10 08:26:28,074 - Disk Usage   : 0.2% (2 GB used)
2026-05-10 08:26:33,076 - ---Stats [08:26:33]---
2026-05-10 08:26:33,076 - CPU Usage    : 0.1%
2026-05-10 08:26:33,077 - RAM Usage    : 7.5%  (580 MB used)
2026-05-10 08:26:33,077 - Disk Usage   : 0.2% (2 GB used)
2026-05-10 08:26:38,078 - ---Stats [08:26:38]---
2026-05-10 08:26:38,079 - CPU Usage    : 0.1%
2026-05-10 08:26:38,080 - RAM Usage    : 7.4%  (575 MB used)
2026-05-10 08:26:38,080 - Disk Usage   : 0.2% (2 GB used)
2026-05-10 08:26:43,081 - ---Stats [08:26:43]---
2026-05-10 08:26:43,081 - CPU Usage    : 0.0%
2026-05-10 08:26:43,081 - RAM Usage    : 7.4%  (576 MB used)
2026-05-10 08:26:43,081 - Disk Usage   : 0.2% (2 GB used)
2026-05-10 08:26:48,082 - ---Stats [08:26:48]---
2026-05-10 08:26:48,082 - CPU Usage    : 0.0%
2026-05-10 08:26:48,095 - RAM Usage    : 7.4%  (575 MB used)
2026-05-10 08:26:48,096 - Disk Usage   : 0.2% (2 GB used)
2026-05-10 08:26:53,096 - ---Stats [08:26:53]---
2026-05-10 08:26:53,097 - CPU Usage    : 0.0%
2026-05-10 08:26:53,097 - RAM Usage    : 7.4%  (575 MB used)
2026-05-10 08:26:53,097 - Disk Usage   : 0.2% (2 GB used)
2026-05-10 08:26:58,098 - ---Stats [08:26:58]---
2026-05-10 08:26:58,098 - CPU Usage    : 0.0%
2026-05-10 08:26:58,098 - RAM Usage    : 7.4%  (575 MB used)
2026-05-10 08:26:58,098 - Disk Usage   : 0.2% (2 GB used)
2026-05-10 08:27:03,099 - ---Stats [08:27:03]---
2026-05-10 08:27:03,099 - CPU Usage    : 0.0%
2026-05-10 08:27:03,112 - RAM Usage    : 7.4%  (575 MB used)
2026-05-10 08:27:03,112 - Disk Usage   : 0.2% (2 GB used)
2026-05-10 08:27:08,114 - ---Stats [08:27:08]---
2026-05-10 08:27:08,114 - CPU Usage    : 0.0%
2026-05-10 08:27:08,115 - RAM Usage    : 7.4%  (575 MB used)
2026-05-10 08:27:08,115 - Disk Usage   : 0.2% (2 GB used)
2026-05-10 08:27:13,116 - ---Stats [08:27:13]---
2026-05-10 08:27:13,117 - CPU Usage    : 0.0%
2026-05-10 08:27:13,117 - RAM Usage    : 7.4%  (575 MB used)
2026-05-10 08:27:13,117 - Disk Usage   : 0.2% (2 GB used)
2026-05-10 08:27:18,117 - ---Stats [08:27:18]---
2026-05-10 08:27:18,117 - CPU Usage    : 0.0%
2026-05-10 08:27:18,131 - RAM Usage    : 7.4%  (576 MB used)
2026-05-10 08:27:18,131 - Disk Usage   : 0.2% (2 GB used)
2026-05-10 08:27:23,132 - ---Stats [08:27:23]---
2026-05-10 08:27:23,132 - CPU Usage    : -0.0%
2026-05-10 08:27:23,132 - RAM Usage    : 7.4%  (576 MB used)
2026-05-10 08:27:23,132 - Disk Usage   : 0.2% (2 GB used)
2026-05-10 08:27:28,133 - ---Stats [08:27:28]---
2026-05-10 08:27:28,133 - CPU Usage    : 0.0%
2026-05-10 08:27:28,133 - RAM Usage    : 7.4%  (576 MB used)
2026-05-10 08:27:28,133 - Disk Usage   : 0.2% (2 GB used)
2026-05-10 08:27:33,134 - ---Stats [08:27:33]---
2026-05-10 08:27:33,134 - CPU Usage    : 0.3%
2026-05-10 08:27:33,134 - RAM Usage    : 7.6%  (591 MB used)
2026-05-10 08:27:33,134 - Disk Usage   : 0.2% (2 GB used)
2026-05-10 08:27:38,136 - ---Stats [08:27:38]---
2026-05-10 08:27:38,136 - CPU Usage    : 0.4%
2026-05-10 08:27:38,136 - RAM Usage    : 7.7%  (594 MB used)
2026-05-10 08:27:38,136 - Disk Usage   : 0.2% (2 GB used)
2026-05-10 08:27:43,137 - ---Stats [08:27:43]---
2026-05-10 08:27:43,137 - CPU Usage    : 0.1%
2026-05-10 08:27:43,150 - RAM Usage    : 7.6%  (592 MB used)
2026-05-10 08:27:43,150 - Disk Usage   : 0.2% (2 GB used)
2026-05-10 08:27:48,151 - ---Stats [08:27:48]---
2026-05-10 08:27:48,151 - CPU Usage    : 0.1%
2026-05-10 08:27:48,163 - RAM Usage    : 7.6%  (593 MB used)
2026-05-10 08:27:48,164 - Disk Usage   : 0.2% (2 GB used)
2026-05-10 08:27:53,164 - ---Stats [08:27:53]---
2026-05-10 08:27:53,164 - CPU Usage    : 0.0%
2026-05-10 08:27:53,164 - RAM Usage    : 7.6%  (589 MB used)
2026-05-10 08:27:53,165 - Disk Usage   : 0.2% (2 GB used)
2026-05-10 08:27:58,165 - ---Stats [08:27:58]---
2026-05-10 08:27:58,165 - CPU Usage    : 0.1%
2026-05-10 08:27:58,165 - RAM Usage    : 7.6%  (589 MB used)
2026-05-10 08:27:58,166 - Disk Usage   : 0.2% (2 GB used)
2026-05-10 08:28:03,166 - ---Stats [08:28:03]---
2026-05-10 08:28:03,166 - CPU Usage    : 0.1%
2026-05-10 08:28:03,166 - RAM Usage    : 7.6%  (588 MB used)
2026-05-10 08:28:03,166 - Disk Usage   : 0.2% (2 GB used)
2026-05-10 08:28:08,168 - ---Stats [08:28:08]---
2026-05-10 08:28:08,168 - CPU Usage    : 0.0%
2026-05-10 08:28:08,181 - RAM Usage    : 7.6%  (588 MB used)
2026-05-10 08:28:08,182 - Disk Usage   : 0.2% (2 GB used)
2026-05-10 08:28:13,182 - ---Stats [08:28:13]---
2026-05-10 08:28:13,183 - CPU Usage    : 0.0%
2026-05-10 08:28:13,183 - RAM Usage    : 7.6%  (588 MB used)
2026-05-10 08:28:13,183 - Disk Usage   : 0.2% (2 GB used)
2026-05-10 08:28:18,185 - ---Stats [08:28:18]---
2026-05-10 08:28:18,186 - CPU Usage    : 0.1%
2026-05-10 08:28:18,199 - RAM Usage    : 7.6%  (588 MB used)
2026-05-10 08:28:18,199 - Disk Usage   : 0.2% (2 GB used)
2026-05-10 08:28:23,200 - ---Stats [08:28:23]---
2026-05-10 08:28:23,200 - CPU Usage    : 0.0%
2026-05-10 08:28:23,213 - RAM Usage    : 7.5%  (585 MB used)
2026-05-10 08:28:23,214 - Disk Usage   : 0.2% (2 GB used)
2026-05-10 08:28:28,215 - ---Stats [08:28:28]---
2026-05-10 08:28:28,216 - CPU Usage    : 0.2%
2026-05-10 08:28:28,216 - RAM Usage    : 7.5%  (585 MB used)
2026-05-10 08:28:28,216 - Disk Usage   : 0.2% (2 GB used)
2026-05-10 08:28:33,217 - ---Stats [08:28:33]---
2026-05-10 08:28:33,217 - CPU Usage    : 0.0%
2026-05-10 08:28:33,217 - RAM Usage    : 7.5%  (584 MB used)
2026-05-10 08:28:33,217 - Disk Usage   : 0.2% (2 GB used)
2026-05-10 08:28:38,218 - ---Stats [08:28:38]---
2026-05-10 08:28:38,218 - CPU Usage    : 0.0%
2026-05-10 08:28:38,218 - RAM Usage    : 7.5%  (584 MB used)
2026-05-10 08:28:38,218 - Disk Usage   : 0.2% (2 GB used)
2026-05-10 08:28:43,219 - ---Stats [08:28:43]---
2026-05-10 08:28:43,219 - CPU Usage    : 0.0%
2026-05-10 08:28:43,232 - RAM Usage    : 7.5%  (584 MB used)
2026-05-10 08:28:43,233 - Disk Usage   : 0.2% (2 GB used)
2026-05-10 08:28:48,234 - ---Stats [08:28:48]---
2026-05-10 08:28:48,234 - CPU Usage    : 0.1%
2026-05-10 08:28:48,234 - RAM Usage    : 7.6%  (587 MB used)
2026-05-10 08:28:48,234 - Disk Usage   : 0.2% (2 GB used)
2026-05-10 08:28:53,235 - ---Stats [08:28:53]---
2026-05-10 08:28:53,235 - CPU Usage    : 0.0%
2026-05-10 08:28:53,235 - RAM Usage    : 7.6%  (586 MB used)
2026-05-10 08:28:53,235 - Disk Usage   : 0.2% (2 GB used)
2026-05-10 08:28:58,236 - ---Stats [08:28:58]---
2026-05-10 08:28:58,236 - CPU Usage    : 0.0%
2026-05-10 08:28:58,236 - RAM Usage    : 7.6%  (586 MB used)
2026-05-10 08:28:58,248 - Disk Usage   : 0.2% (2 GB used)
2026-05-10 08:29:03,250 - ---Stats [08:29:03]---
2026-05-10 08:29:03,250 - CPU Usage    : 0.0%
2026-05-10 08:29:03,252 - RAM Usage    : 7.6%  (586 MB used)
2026-05-10 08:29:03,252 - Disk Usage   : 0.2% (2 GB used)
2026-05-10 08:29:08,253 - ---Stats [08:29:08]---
2026-05-10 08:29:08,253 - CPU Usage    : 0.0%
2026-05-10 08:29:08,253 - RAM Usage    : 7.6%  (586 MB used)
2026-05-10 08:29:08,253 - Disk Usage   : 0.2% (2 GB used)
2026-05-10 08:29:13,254 - ---Stats [08:29:13]---
2026-05-10 08:29:13,254 - CPU Usage    : 0.0%
2026-05-10 08:29:13,254 - RAM Usage    : 7.6%  (586 MB used)
2026-05-10 08:29:13,254 - Disk Usage   : 0.2% (2 GB used)
2026-05-10 08:29:18,255 - ---Stats [08:29:18]---
2026-05-10 08:29:18,255 - CPU Usage    : 0.1%
2026-05-10 08:29:18,255 - RAM Usage    : 7.5%  (584 MB used)
2026-05-10 08:29:18,255 - Disk Usage   : 0.2% (2 GB used)
2026-05-10 08:29:23,256 - ---Stats [08:29:23]---
2026-05-10 08:29:23,256 - CPU Usage    : 0.1%
2026-05-10 08:29:23,257 - RAM Usage    : 7.6%  (586 MB used)
2026-05-10 08:29:23,257 - Disk Usage   : 0.2% (2 GB used)
2026-05-10 08:29:28,257 - ---Stats [08:29:28]---
2026-05-10 08:29:28,258 - CPU Usage    : 0.0%
2026-05-10 08:29:28,258 - RAM Usage    : 7.5%  (582 MB used)
2026-05-10 08:29:28,258 - Disk Usage   : 0.2% (2 GB used)
2026-05-10 08:29:33,259 - ---Stats [08:29:33]---
2026-05-10 08:29:33,259 - CPU Usage    : 0.0%
2026-05-10 08:29:33,272 - RAM Usage    : 7.5%  (582 MB used)
2026-05-10 08:29:33,272 - Disk Usage   : 0.2% (2 GB used)
2026-05-10 08:29:38,272 - ---Stats [08:29:38]---
2026-05-10 08:29:38,273 - CPU Usage    : 0.0%
2026-05-10 08:29:38,273 - RAM Usage    : 7.5%  (583 MB used)
2026-05-10 08:29:38,273 - Disk Usage   : 0.2% (2 GB used)
2026-05-10 08:29:43,286 - ---Stats [08:29:43]---
2026-05-10 08:29:43,287 - CPU Usage    : 0.0%
2026-05-10 08:29:43,287 - RAM Usage    : 7.5%  (583 MB used)
2026-05-10 08:29:43,287 - Disk Usage   : 0.2% (2 GB used)
2026-05-10 08:29:48,302 - ---Stats [08:29:48]---
2026-05-10 08:29:48,302 - CPU Usage    : 0.1%
2026-05-10 08:29:48,302 - RAM Usage    : 7.6%  (586 MB used)
2026-05-10 08:29:48,302 - Disk Usage   : 0.2% (2 GB used)
2026-05-10 08:29:53,303 - ---Stats [08:29:53]---
2026-05-10 08:29:53,303 - CPU Usage    : 0.0%
2026-05-10 08:29:53,303 - RAM Usage    : 7.5%  (584 MB used)
2026-05-10 08:29:53,303 - Disk Usage   : 0.2% (2 GB used)
2026-05-10 08:29:58,304 - ---Stats [08:29:58]---
2026-05-10 08:29:58,304 - CPU Usage    : 0.0%
2026-05-10 08:29:58,304 - RAM Usage    : 7.5%  (584 MB used)
2026-05-10 08:29:58,304 - Disk Usage   : 0.2% (2 GB used)
2026-05-10 08:30:03,305 - ---Stats [08:30:03]---
2026-05-10 08:30:03,305 - CPU Usage    : 0.0%
2026-05-10 08:30:03,305 - RAM Usage    : 7.5%  (585 MB used)
2026-05-10 08:30:03,305 - Disk Usage   : 0.2% (2 GB used)
2026-05-10 08:30:08,306 - ---Stats [08:30:08]---
2026-05-10 08:30:08,306 - CPU Usage    : -0.0%
2026-05-10 08:30:08,306 - RAM Usage    : 7.5%  (585 MB used)
2026-05-10 08:30:08,306 - Disk Usage   : 0.2% (2 GB used)
2026-05-10 08:30:13,310 - ---Stats [08:30:13]---
2026-05-10 08:30:13,311 - CPU Usage    : 0.0%
2026-05-10 08:30:13,321 - RAM Usage    : 7.5%  (585 MB used)
2026-05-10 08:30:13,321 - Disk Usage   : 0.2% (2 GB used)
2026-05-10 08:30:18,322 - ---Stats [08:30:18]---
2026-05-10 08:30:18,322 - CPU Usage    : 0.1%
2026-05-10 08:30:18,336 - RAM Usage    : 7.6%  (587 MB used)
2026-05-10 08:30:18,336 - Disk Usage   : 0.2% (2 GB used)
2026-05-10 08:30:23,337 - ---Stats [08:30:23]---
2026-05-10 08:30:23,337 - CPU Usage    : 0.0%
2026-05-10 08:30:23,337 - RAM Usage    : 7.6%  (587 MB used)
2026-05-10 08:30:23,337 - Disk Usage   : 0.2% (2 GB used)
2026-05-10 08:30:28,338 - ---Stats [08:30:28]---
2026-05-10 08:30:28,338 - CPU Usage    : 0.0%
2026-05-10 08:30:28,339 - RAM Usage    : 7.6%  (587 MB used)
2026-05-10 08:30:28,339 - Disk Usage   : 0.2% (2 GB used)
2026-05-10 08:30:33,340 - ---Stats [08:30:33]---
2026-05-10 08:30:33,340 - CPU Usage    : 0.1%
2026-05-10 08:30:33,353 - RAM Usage    : 7.6%  (587 MB used)
2026-05-10 08:30:33,353 - Disk Usage   : 0.2% (2 GB used)
2026-05-10 08:30:38,354 - ---Stats [08:30:38]---
2026-05-10 08:30:38,354 - CPU Usage    : 0.0%
2026-05-10 08:30:38,354 - RAM Usage    : 7.6%  (587 MB used)
2026-05-10 08:30:38,355 - Disk Usage   : 0.2% (2 GB used)
2026-05-10 08:30:43,355 - ---Stats [08:30:43]---
2026-05-10 08:30:43,355 - CPU Usage    : 0.0%
2026-05-10 08:30:43,368 - RAM Usage    : 7.6%  (587 MB used)
2026-05-10 08:30:43,368 - Disk Usage   : 0.2% (2 GB used)
2026-05-10 08:30:48,369 - ---Stats [08:30:48]---
2026-05-10 08:30:48,369 - CPU Usage    : 0.0%
2026-05-10 08:30:48,369 - RAM Usage    : 7.6%  (587 MB used)
2026-05-10 08:30:48,369 - Disk Usage   : 0.2% (2 GB used)
2026-05-10 08:30:53,370 - ---Stats [08:30:53]---
2026-05-10 08:30:53,371 - CPU Usage    : 0.0%
2026-05-10 08:30:53,371 - RAM Usage    : 7.6%  (587 MB used)
2026-05-10 08:30:53,371 - Disk Usage   : 0.2% (2 GB used)
2026-05-10 08:30:58,372 - ---Stats [08:30:58]---
2026-05-10 08:30:58,372 - CPU Usage    : 0.0%
2026-05-10 08:30:58,372 - RAM Usage    : 7.6%  (587 MB used)
2026-05-10 08:30:58,372 - Disk Usage   : 0.2% (2 GB used)
2026-05-10 08:31:03,373 - ---Stats [08:31:03]---
2026-05-10 08:31:03,373 - CPU Usage    : 0.0%
2026-05-10 08:31:03,386 - RAM Usage    : 7.6%  (587 MB used)
2026-05-10 08:31:03,386 - Disk Usage   : 0.2% (2 GB used)
2026-05-10 08:31:08,387 - ---Stats [08:31:08]---
2026-05-10 08:31:08,388 - CPU Usage    : 0.0%
2026-05-10 08:31:08,388 - RAM Usage    : 7.6%  (587 MB used)
2026-05-10 08:31:08,388 - Disk Usage   : 0.2% (2 GB used)
2026-05-10 08:31:13,389 - ---Stats [08:31:13]---
2026-05-10 08:31:13,389 - CPU Usage    : 0.0%
2026-05-10 08:31:13,389 - RAM Usage    : 7.6%  (587 MB used)
2026-05-10 08:31:13,390 - Disk Usage   : 0.2% (2 GB used)
2026-05-10 08:31:18,390 - ---Stats [08:31:18]---
2026-05-10 08:31:18,390 - CPU Usage    : 0.1%
2026-05-10 08:31:18,404 - RAM Usage    : 7.6%  (586 MB used)
2026-05-10 08:31:18,404 - Disk Usage   : 0.2% (2 GB used)
2026-05-10 08:31:23,404 - ---Stats [08:31:23]---
2026-05-10 08:31:23,405 - CPU Usage    : 0.0%
2026-05-10 08:31:23,405 - RAM Usage    : 7.6%  (586 MB used)
2026-05-10 08:31:23,405 - Disk Usage   : 0.2% (2 GB used)
2026-05-10 08:31:28,406 - ---Stats [08:31:28]---
2026-05-10 08:31:28,406 - CPU Usage    : 0.0%
2026-05-10 08:31:28,406 - RAM Usage    : 7.6%  (586 MB used)
2026-05-10 08:31:28,406 - Disk Usage   : 0.2% (2 GB used)
2026-05-10 08:31:33,407 - ---Stats [08:31:33]---
2026-05-10 08:31:33,407 - CPU Usage    : 0.0%
2026-05-10 08:31:33,420 - RAM Usage    : 7.6%  (586 MB used)
2026-05-10 08:31:33,421 - Disk Usage   : 0.2% (2 GB used)
2026-05-10 08:31:38,421 - ---Stats [08:31:38]---
2026-05-10 08:31:38,421 - CPU Usage    : 0.0%
2026-05-10 08:31:38,421 - RAM Usage    : 7.6%  (587 MB used)
2026-05-10 08:31:38,421 - Disk Usage   : 0.2% (2 GB used)
2026-05-10 08:31:43,422 - ---Stats [08:31:43]---
2026-05-10 08:31:43,422 - CPU Usage    : 0.1%
2026-05-10 08:31:43,422 - RAM Usage    : 7.5%  (585 MB used)
2026-05-10 08:31:43,422 - Disk Usage   : 0.2% (2 GB used)
2026-05-10 08:31:48,423 - ---Stats [08:31:48]---
2026-05-10 08:31:48,423 - CPU Usage    : 0.1%
2026-05-10 08:31:48,424 - RAM Usage    : 7.5%  (585 MB used)
2026-05-10 08:31:48,424 - Disk Usage   : 0.2% (2 GB used)
2026-05-10 08:31:53,424 - ---Stats [08:31:53]---
2026-05-10 08:31:53,424 - CPU Usage    : 0.1%
2026-05-10 08:31:53,424 - RAM Usage    : 7.5%  (585 MB used)
2026-05-10 08:31:53,424 - Disk Usage   : 0.2% (2 GB used)
2026-05-10 08:31:58,425 - ---Stats [08:31:58]---
2026-05-10 08:31:58,425 - CPU Usage    : 0.0%
2026-05-10 08:31:58,439 - RAM Usage    : 7.5%  (585 MB used)
2026-05-10 08:31:58,439 - Disk Usage   : 0.2% (2 GB used)
2026-05-10 08:32:03,439 - ---Stats [08:32:03]---
2026-05-10 08:32:03,440 - CPU Usage    : 0.0%
2026-05-10 08:32:03,440 - RAM Usage    : 7.5%  (585 MB used)
2026-05-10 08:32:03,440 - Disk Usage   : 0.2% (2 GB used)
2026-05-10 08:32:08,440 - ---Stats [08:32:08]---
2026-05-10 08:32:08,440 - CPU Usage    : -0.0%
2026-05-10 08:32:08,440 - RAM Usage    : 7.5%  (585 MB used)
2026-05-10 08:32:08,440 - Disk Usage   : 0.2% (2 GB used)
2026-05-10 08:32:13,441 - ---Stats [08:32:13]---
2026-05-10 08:32:13,441 - CPU Usage    : 0.0%
2026-05-10 08:32:13,454 - RAM Usage    : 7.5%  (585 MB used)
2026-05-10 08:32:13,454 - Disk Usage   : 0.2% (2 GB used)
2026-05-10 08:32:18,455 - ---Stats [08:32:18]---
2026-05-10 08:32:18,455 - CPU Usage    : 0.1%
2026-05-10 08:32:18,468 - RAM Usage    : 7.6%  (586 MB used)
2026-05-10 08:32:18,469 - Disk Usage   : 0.2% (2 GB used)
2026-05-10 08:32:23,469 - ---Stats [08:32:23]---
2026-05-10 08:32:23,470 - CPU Usage    : 0.0%
2026-05-10 08:32:23,470 - RAM Usage    : 7.6%  (586 MB used)
2026-05-10 08:32:23,470 - Disk Usage   : 0.2% (2 GB used)
2026-05-10 08:32:28,470 - ---Stats [08:32:28]---
2026-05-10 08:32:28,471 - CPU Usage    : 0.1%
2026-05-10 08:32:28,483 - RAM Usage    : 7.5%  (584 MB used)
2026-05-10 08:32:28,484 - Disk Usage   : 0.2% (2 GB used)
2026-05-10 08:32:33,485 - ---Stats [08:32:33]---
2026-05-10 08:32:33,485 - CPU Usage    : 0.0%
2026-05-10 08:32:33,485 - RAM Usage    : 7.5%  (583 MB used)
2026-05-10 08:32:33,485 - Disk Usage   : 0.2% (2 GB used)
2026-05-10 08:32:38,486 - ---Stats [08:32:38]---
2026-05-10 08:32:38,486 - CPU Usage    : 0.1%
2026-05-10 08:32:38,486 - RAM Usage    : 7.5%  (584 MB used)
2026-05-10 08:32:38,486 - Disk Usage   : 0.2% (2 GB used)
2026-05-10 08:32:43,487 - ---Stats [08:32:43]---
2026-05-10 08:32:43,487 - CPU Usage    : 0.0%
2026-05-10 08:32:43,487 - RAM Usage    : 7.5%  (584 MB used)
2026-05-10 08:32:43,487 - Disk Usage   : 0.2% (2 GB used)
2026-05-10 08:32:48,488 - ---Stats [08:32:48]---
2026-05-10 08:32:48,488 - CPU Usage    : 0.3%
2026-05-10 08:32:48,488 - RAM Usage    : 7.5%  (585 MB used)
2026-05-10 08:32:48,488 - Disk Usage   : 0.2% (2 GB used)
2026-05-10 08:32:53,489 - ---Stats [08:32:53]---
2026-05-10 08:32:53,489 - CPU Usage    : 0.0%
2026-05-10 08:32:53,489 - RAM Usage    : 7.5%  (585 MB used)
2026-05-10 08:32:53,489 - Disk Usage   : 0.2% (2 GB used)
2026-05-10 08:32:58,490 - ---Stats [08:32:58]---
2026-05-10 08:32:58,490 - CPU Usage    : 0.0%
2026-05-10 08:32:58,490 - RAM Usage    : 7.5%  (585 MB used)
2026-05-10 08:32:58,490 - Disk Usage   : 0.2% (2 GB used)
2026-05-10 08:33:03,491 - ---Stats [08:33:03]---
2026-05-10 08:33:03,491 - CPU Usage    : 0.0%
2026-05-10 08:33:03,491 - RAM Usage    : 7.5%  (585 MB used)
2026-05-10 08:33:03,491 - Disk Usage   : 0.2% (2 GB used)
2026-05-10 08:33:08,493 - ---Stats [08:33:08]---
2026-05-10 08:33:08,493 - CPU Usage    : 0.0%
2026-05-10 08:33:08,495 - RAM Usage    : 7.5%  (585 MB used)
2026-05-10 08:33:08,495 - Disk Usage   : 0.2% (2 GB used)
2026-05-10 08:33:13,497 - ---Stats [08:33:13]---
2026-05-10 08:33:13,497 - CPU Usage    : 0.0%
2026-05-10 08:33:13,497 - RAM Usage    : 7.5%  (585 MB used)
2026-05-10 08:33:13,511 - Disk Usage   : 0.2% (2 GB used)
2026-05-10 08:33:18,512 - ---Stats [08:33:18]---
2026-05-10 08:33:18,512 - CPU Usage    : 0.1%
2026-05-10 08:33:18,525 - RAM Usage    : 7.5%  (583 MB used)
2026-05-10 08:33:18,525 - Disk Usage   : 0.2% (2 GB used)
2026-05-10 08:33:23,526 - ---Stats [08:33:23]---
2026-05-10 08:33:23,526 - CPU Usage    : 0.0%
2026-05-10 08:33:23,526 - RAM Usage    : 7.5%  (583 MB used)
2026-05-10 08:33:23,526 - Disk Usage   : 0.2% (2 GB used)
2026-05-10 08:33:28,528 - ---Stats [08:33:28]---
2026-05-10 08:33:28,528 - CPU Usage    : 0.1%
2026-05-10 08:33:28,543 - RAM Usage    : 7.5%  (583 MB used)
2026-05-10 08:33:28,543 - Disk Usage   : 0.2% (2 GB used)
2026-05-10 08:33:33,544 - ---Stats [08:33:33]---
2026-05-10 08:33:33,544 - CPU Usage    : 0.0%
2026-05-10 08:33:33,557 - RAM Usage    : 7.5%  (583 MB used)
2026-05-10 08:33:33,558 - Disk Usage   : 0.2% (2 GB used)
2026-05-10 08:33:38,559 - ---Stats [08:33:38]---
2026-05-10 08:33:38,559 - CPU Usage    : 0.1%
2026-05-10 08:33:38,559 - RAM Usage    : 7.5%  (584 MB used)
2026-05-10 08:33:38,559 - Disk Usage   : 0.2% (2 GB used)
2026-05-10 08:33:43,561 - ---Stats [08:33:43]---
2026-05-10 08:33:43,561 - CPU Usage    : 0.0%
2026-05-10 08:33:43,575 - RAM Usage    : 7.5%  (584 MB used)
2026-05-10 08:33:43,575 - Disk Usage   : 0.2% (2 GB used)
2026-05-10 08:33:48,576 - ---Stats [08:33:48]---
2026-05-10 08:33:48,577 - CPU Usage    : 0.1%
2026-05-10 08:33:48,577 - RAM Usage    : 7.5%  (585 MB used)
2026-05-10 08:33:48,577 - Disk Usage   : 0.2% (2 GB used)
2026-05-10 08:33:53,577 - ---Stats [08:33:53]---
2026-05-10 08:33:53,578 - CPU Usage    : 0.0%
2026-05-10 08:33:53,578 - RAM Usage    : 7.5%  (584 MB used)
2026-05-10 08:33:53,578 - Disk Usage   : 0.2% (2 GB used)
2026-05-10 08:33:58,579 - ---Stats [08:33:58]---
2026-05-10 08:33:58,579 - CPU Usage    : 0.0%
2026-05-10 08:33:58,580 - RAM Usage    : 7.5%  (584 MB used)
2026-05-10 08:33:58,580 - Disk Usage   : 0.2% (2 GB used)
2026-05-10 08:34:03,581 - ---Stats [08:34:03]---
2026-05-10 08:34:03,581 - CPU Usage    : 0.1%
2026-05-10 08:34:03,582 - RAM Usage    : 7.5%  (584 MB used)
2026-05-10 08:34:03,582 - Disk Usage   : 0.2% (2 GB used)
2026-05-10 08:34:08,582 - ---Stats [08:34:08]---
2026-05-10 08:34:08,582 - CPU Usage    : 0.0%
2026-05-10 08:34:08,595 - RAM Usage    : 7.5%  (584 MB used)
2026-05-10 08:34:08,595 - Disk Usage   : 0.2% (2 GB used)
2026-05-10 08:34:13,596 - ---Stats [08:34:13]---
2026-05-10 08:34:13,596 - CPU Usage    : 0.0%
2026-05-10 08:34:13,596 - RAM Usage    : 7.5%  (584 MB used)
2026-05-10 08:34:13,596 - Disk Usage   : 0.2% (2 GB used)
2026-05-10 08:34:18,597 - ---Stats [08:34:18]---
2026-05-10 08:34:18,597 - CPU Usage    : 0.0%
2026-05-10 08:34:18,597 - RAM Usage    : 7.5%  (585 MB used)
2026-05-10 08:34:18,597 - Disk Usage   : 0.2% (2 GB used)
2026-05-10 08:34:23,598 - ---Stats [08:34:23]---
2026-05-10 08:34:23,598 - CPU Usage    : 0.0%
2026-05-10 08:34:23,598 - RAM Usage    : 7.5%  (585 MB used)
2026-05-10 08:34:23,598 - Disk Usage   : 0.2% (2 GB used)
2026-05-10 08:34:28,600 - ---Stats [08:34:28]---
2026-05-10 08:34:28,600 - CPU Usage    : 0.0%
2026-05-10 08:34:28,613 - RAM Usage    : 7.5%  (585 MB used)
2026-05-10 08:34:28,613 - Disk Usage   : 0.2% (2 GB used)
2026-05-10 08:34:33,614 - ---Stats [08:34:33]---
2026-05-10 08:34:33,615 - CPU Usage    : 0.0%
2026-05-10 08:34:33,628 - RAM Usage    : 7.5%  (585 MB used)
2026-05-10 08:34:33,628 - Disk Usage   : 0.2% (2 GB used)
2026-05-10 08:34:38,630 - ---Stats [08:34:38]---
2026-05-10 08:34:38,631 - CPU Usage    : 0.0%
2026-05-10 08:34:38,631 - RAM Usage    : 7.5%  (585 MB used)
2026-05-10 08:34:38,631 - Disk Usage   : 0.2% (2 GB used)
2026-05-10 08:34:43,632 - ---Stats [08:34:43]---
2026-05-10 08:34:43,633 - CPU Usage    : 0.1%
2026-05-10 08:34:43,646 - RAM Usage    : 7.6%  (586 MB used)
2026-05-10 08:34:43,646 - Disk Usage   : 0.2% (2 GB used)
2026-05-10 08:34:48,648 - ---Stats [08:34:48]---
2026-05-10 08:34:48,649 - CPU Usage    : 0.0%
2026-05-10 08:34:48,662 - RAM Usage    : 7.5%  (585 MB used)
2026-05-10 08:34:48,662 - Disk Usage   : 0.2% (2 GB used)
2026-05-10 08:34:53,664 - ---Stats [08:34:53]---
2026-05-10 08:34:53,664 - CPU Usage    : 0.0%
2026-05-10 08:34:53,677 - RAM Usage    : 7.5%  (585 MB used)
2026-05-10 08:34:53,677 - Disk Usage   : 0.2% (2 GB used)
2026-05-10 08:34:58,679 - ---Stats [08:34:58]---
2026-05-10 08:34:58,680 - CPU Usage    : 0.0%
2026-05-10 08:34:58,693 - RAM Usage    : 7.5%  (585 MB used)
2026-05-10 08:34:58,693 - Disk Usage   : 0.2% (2 GB used)
2026-05-10 08:35:03,694 - ---Stats [08:35:03]---
2026-05-10 08:35:03,694 - CPU Usage    : 0.0%
2026-05-10 08:35:03,694 - RAM Usage    : 7.5%  (585 MB used)
2026-05-10 08:35:03,694 - Disk Usage   : 0.2% (2 GB used)
2026-05-10 08:35:08,696 - ---Stats [08:35:08]---
2026-05-10 08:35:08,696 - CPU Usage    : 0.0%
2026-05-10 08:35:08,696 - RAM Usage    : 7.5%  (585 MB used)
2026-05-10 08:35:08,696 - Disk Usage   : 0.2% (2 GB used)
2026-05-10 08:35:13,697 - ---Stats [08:35:13]---
2026-05-10 08:35:13,698 - CPU Usage    : 0.0%
2026-05-10 08:35:13,711 - RAM Usage    : 7.5%  (585 MB used)
2026-05-10 08:35:13,711 - Disk Usage   : 0.2% (2 GB used)
2026-05-10 08:35:18,713 - ---Stats [08:35:18]---
2026-05-10 08:35:18,713 - CPU Usage    : 0.0%
2026-05-10 08:35:18,727 - RAM Usage    : 7.6%  (586 MB used)
2026-05-10 08:35:18,727 - Disk Usage   : 0.2% (2 GB used)
2026-05-10 08:35:23,729 - ---Stats [08:35:23]---
2026-05-10 08:35:23,730 - CPU Usage    : 0.0%
2026-05-10 08:35:23,730 - RAM Usage    : 7.5%  (586 MB used)
2026-05-10 08:35:23,730 - Disk Usage   : 0.2% (2 GB used)
2026-05-10 08:35:28,731 - ---Stats [08:35:28]---
2026-05-10 08:35:28,732 - CPU Usage    : 0.0%
2026-05-10 08:35:28,732 - RAM Usage    : 7.5%  (585 MB used)
2026-05-10 08:35:28,732 - Disk Usage   : 0.2% (2 GB used)
2026-05-10 08:35:33,733 - ---Stats [08:35:33]---
2026-05-10 08:35:33,733 - CPU Usage    : 0.0%
2026-05-10 08:35:33,746 - RAM Usage    : 7.5%  (585 MB used)
2026-05-10 08:35:33,747 - Disk Usage   : 0.2% (2 GB used)
2026-05-10 08:35:38,748 - ---Stats [08:35:38]---
2026-05-10 08:35:38,748 - CPU Usage    : 0.0%
2026-05-10 08:35:38,749 - RAM Usage    : 7.5%  (585 MB used)
2026-05-10 08:35:38,749 - Disk Usage   : 0.2% (2 GB used)
2026-05-10 08:35:43,750 - ---Stats [08:35:43]---
2026-05-10 08:35:43,750 - CPU Usage    : 0.1%
2026-05-10 08:35:43,750 - RAM Usage    : 7.5%  (585 MB used)
2026-05-10 08:35:43,750 - Disk Usage   : 0.2% (2 GB used)
2026-05-10 08:35:48,752 - ---Stats [08:35:48]---
2026-05-10 08:35:48,752 - CPU Usage    : 0.0%
2026-05-10 08:35:48,752 - RAM Usage    : 7.6%  (586 MB used)
2026-05-10 08:35:48,752 - Disk Usage   : 0.2% (2 GB used)
2026-05-10 08:35:53,753 - ---Stats [08:35:53]---
2026-05-10 08:35:53,753 - CPU Usage    : 0.1%
2026-05-10 08:35:53,753 - RAM Usage    : 7.6%  (586 MB used)
2026-05-10 08:35:53,753 - Disk Usage   : 0.2% (2 GB used)
2026-05-10 08:35:58,754 - ---Stats [08:35:58]---
2026-05-10 08:35:58,755 - CPU Usage    : 0.0%
2026-05-10 08:35:58,755 - RAM Usage    : 7.6%  (586 MB used)
2026-05-10 08:35:58,755 - Disk Usage   : 0.2% (2 GB used)
2026-05-10 08:36:03,756 - ---Stats [08:36:03]---
2026-05-10 08:36:03,756 - CPU Usage    : 0.0%
2026-05-10 08:36:03,756 - RAM Usage    : 7.6%  (586 MB used)
2026-05-10 08:36:03,756 - Disk Usage   : 0.2% (2 GB used)
2026-05-10 08:36:08,757 - ---Stats [08:36:08]---
2026-05-10 08:36:08,757 - CPU Usage    : 0.0%
2026-05-10 08:36:08,757 - RAM Usage    : 7.6%  (586 MB used)
2026-05-10 08:36:08,757 - Disk Usage   : 0.2% (2 GB used)
2026-05-10 08:36:13,758 - ---Stats [08:36:13]---
2026-05-10 08:36:13,758 - CPU Usage    : 0.1%
2026-05-10 08:36:13,772 - RAM Usage    : 7.6%  (586 MB used)
2026-05-10 08:36:13,772 - Disk Usage   : 0.2% (2 GB used)
2026-05-10 08:36:18,773 - ---Stats [08:36:18]---
2026-05-10 08:36:18,773 - CPU Usage    : 0.0%
2026-05-10 08:36:18,786 - RAM Usage    : 7.6%  (586 MB used)
2026-05-10 08:36:18,787 - Disk Usage   : 0.2% (2 GB used)
2026-05-10 08:36:23,788 - ---Stats [08:36:23]---
2026-05-10 08:36:23,788 - CPU Usage    : 0.0%
2026-05-10 08:36:23,801 - RAM Usage    : 7.6%  (586 MB used)
2026-05-10 08:36:23,802 - Disk Usage   : 0.2% (2 GB used)
2026-05-10 08:36:28,802 - ---Stats [08:36:28]---
2026-05-10 08:36:28,802 - CPU Usage    : 0.0%
2026-05-10 08:36:28,803 - RAM Usage    : 7.6%  (586 MB used)
2026-05-10 08:36:28,804 - Disk Usage   : 0.2% (2 GB used)
2026-05-10 08:36:33,804 - ---Stats [08:36:33]---
2026-05-10 08:36:33,805 - CPU Usage    : 0.1%
2026-05-10 08:36:33,805 - RAM Usage    : 7.6%  (587 MB used)
2026-05-10 08:36:33,805 - Disk Usage   : 0.2% (2 GB used)
2026-05-10 08:36:38,805 - ---Stats [08:36:38]---
2026-05-10 08:36:38,805 - CPU Usage    : -0.0%
2026-05-10 08:36:38,806 - RAM Usage    : 7.6%  (587 MB used)
2026-05-10 08:36:38,806 - Disk Usage   : 0.2% (2 GB used)
2026-05-10 08:36:43,806 - ---Stats [08:36:43]---
2026-05-10 08:36:43,806 - CPU Usage    : 0.1%
2026-05-10 08:36:43,807 - RAM Usage    : 7.6%  (588 MB used)
2026-05-10 08:36:43,807 - Disk Usage   : 0.2% (2 GB used)
2026-05-10 08:36:48,807 - ---Stats [08:36:48]---
2026-05-10 08:36:48,807 - CPU Usage    : 0.0%
2026-05-10 08:36:48,807 - RAM Usage    : 7.6%  (588 MB used)
2026-05-10 08:36:48,807 - Disk Usage   : 0.2% (2 GB used)
2026-05-10 08:36:53,808 - ---Stats [08:36:53]---
2026-05-10 08:36:53,808 - CPU Usage    : 0.0%
2026-05-10 08:36:53,808 - RAM Usage    : 7.6%  (588 MB used)
2026-05-10 08:36:53,808 - Disk Usage   : 0.2% (2 GB used)
2026-05-10 08:36:58,809 - ---Stats [08:36:58]---
2026-05-10 08:36:58,809 - CPU Usage    : 0.0%
2026-05-10 08:36:58,821 - RAM Usage    : 7.6%  (588 MB used)
2026-05-10 08:36:58,821 - Disk Usage   : 0.2% (2 GB used)
2026-05-10 08:37:03,822 - ---Stats [08:37:03]---
2026-05-10 08:37:03,823 - CPU Usage    : 0.0%
2026-05-10 08:37:03,823 - RAM Usage    : 7.6%  (588 MB used)
2026-05-10 08:37:03,823 - Disk Usage   : 0.2% (2 GB used)
2026-05-10 08:37:08,824 - ---Stats [08:37:08]---
2026-05-10 08:37:08,825 - CPU Usage    : 0.0%
2026-05-10 08:37:08,825 - RAM Usage    : 7.6%  (588 MB used)
2026-05-10 08:37:08,825 - Disk Usage   : 0.2% (2 GB used)
2026-05-10 08:37:13,825 - ---Stats [08:37:13]---
2026-05-10 08:37:13,826 - CPU Usage    : 0.0%
2026-05-10 08:37:13,826 - RAM Usage    : 7.6%  (588 MB used)
2026-05-10 08:37:13,826 - Disk Usage   : 0.2% (2 GB used)
2026-05-10 08:37:18,827 - ---Stats [08:37:18]---
2026-05-10 08:37:18,827 - CPU Usage    : 0.1%
2026-05-10 08:37:18,827 - RAM Usage    : 7.6%  (587 MB used)
2026-05-10 08:37:18,827 - Disk Usage   : 0.2% (2 GB used)
2026-05-10 08:37:23,828 - ---Stats [08:37:23]---
2026-05-10 08:37:23,828 - CPU Usage    : 0.0%
2026-05-10 08:37:23,828 - RAM Usage    : 7.6%  (587 MB used)
2026-05-10 08:37:23,833 - Disk Usage   : 0.2% (2 GB used)
2026-05-10 08:37:28,842 - ---Stats [08:37:28]---
2026-05-10 08:37:28,842 - CPU Usage    : 0.0%
2026-05-10 08:37:28,842 - RAM Usage    : 7.6%  (587 MB used)
2026-05-10 08:37:28,842 - Disk Usage   : 0.2% (2 GB used)
2026-05-10 08:37:33,844 - ---Stats [08:37:33]---
2026-05-10 08:37:33,844 - CPU Usage    : 0.0%
2026-05-10 08:37:33,844 - RAM Usage    : 7.6%  (587 MB used)
2026-05-10 08:37:33,844 - Disk Usage   : 0.2% (2 GB used)
2026-05-10 08:37:38,845 - ---Stats [08:37:38]---
2026-05-10 08:37:38,845 - CPU Usage    : 0.1%
2026-05-10 08:37:38,845 - RAM Usage    : 7.6%  (587 MB used)
2026-05-10 08:37:38,845 - Disk Usage   : 0.2% (2 GB used)
2026-05-10 08:37:43,847 - ---Stats [08:37:43]---
2026-05-10 08:37:43,847 - CPU Usage    : 0.1%
2026-05-10 08:37:43,848 - RAM Usage    : 7.6%  (586 MB used)
2026-05-10 08:37:43,848 - Disk Usage   : 0.2% (2 GB used)
2026-05-10 08:37:48,850 - ---Stats [08:37:48]---
2026-05-10 08:37:48,850 - CPU Usage    : 0.0%
2026-05-10 08:37:48,851 - RAM Usage    : 7.5%  (585 MB used)
2026-05-10 08:37:48,851 - Disk Usage   : 0.2% (2 GB used)
2026-05-10 08:37:53,851 - ---Stats [08:37:53]---
2026-05-10 08:37:53,851 - CPU Usage    : 0.5%
2026-05-10 08:37:53,852 - RAM Usage    : 7.5%  (583 MB used)
2026-05-10 08:37:53,852 - Disk Usage   : 0.2% (2 GB used)
2026-05-10 08:46:52,461 - ---Stats [08:46:52]---
2026-05-10 08:46:52,462 - CPU Usage    : 0.3%
2026-05-10 08:46:52,462 - RAM Usage    : 7.6%  (591 MB used)
2026-05-10 08:46:52,462 - Disk Usage   : 0.2% (2 GB used)
2026-05-10 08:46:57,462 - ---Stats [08:46:57]---
2026-05-10 08:46:57,462 - CPU Usage    : 0.1%
2026-05-10 08:46:57,463 - RAM Usage    : 7.6%  (589 MB used)
2026-05-10 08:46:57,463 - Disk Usage   : 0.2% (2 GB used)
2026-05-10 08:47:02,463 - ---Stats [08:47:02]---
2026-05-10 08:47:02,463 - CPU Usage    : 0.0%
2026-05-10 08:47:02,464 - RAM Usage    : 7.6%  (589 MB used)
2026-05-10 08:47:02,464 - Disk Usage   : 0.2% (2 GB used)
2026-05-10 08:47:07,464 - ---Stats [08:47:07]---
2026-05-10 08:47:07,465 - CPU Usage    : 0.0%
2026-05-10 08:47:07,465 - RAM Usage    : 7.6%  (589 MB used)
2026-05-10 08:47:07,465 - Disk Usage   : 0.2% (2 GB used)
2026-05-10 08:47:12,466 - ---Stats [08:47:12]---
2026-05-10 08:47:12,467 - CPU Usage    : 0.0%
2026-05-10 08:47:12,475 - RAM Usage    : 7.6%  (590 MB used)
2026-05-10 08:47:12,476 - Disk Usage   : 0.2% (2 GB used)
2026-05-10 08:47:17,477 - ---Stats [08:47:17]---
2026-05-10 08:47:17,478 - CPU Usage    : 0.0%
2026-05-10 08:47:17,478 - RAM Usage    : 7.6%  (590 MB used)
2026-05-10 08:47:17,478 - Disk Usage   : 0.2% (2 GB used)
2026-05-10 08:47:22,479 - ---Stats [08:47:22]---
2026-05-10 08:47:22,479 - CPU Usage    : 0.0%
2026-05-10 08:47:22,492 - RAM Usage    : 7.6%  (590 MB used)
2026-05-10 08:47:22,492 - Disk Usage   : 0.2% (2 GB used)
2026-05-10 08:47:27,493 - ---Stats [08:47:27]---
2026-05-10 08:47:27,493 - CPU Usage    : 0.0%
2026-05-10 08:47:27,506 - RAM Usage    : 7.6%  (590 MB used)
2026-05-10 08:47:27,507 - Disk Usage   : 0.2% (2 GB used)
2026-05-10 08:47:32,508 - ---Stats [08:47:32]---
2026-05-10 08:47:32,508 - CPU Usage    : 0.0%
2026-05-10 08:47:32,509 - RAM Usage    : 7.6%  (590 MB used)
2026-05-10 08:47:32,510 - Disk Usage   : 0.2% (2 GB used)
2026-05-10 08:47:37,511 - ---Stats [08:47:37]---
2026-05-10 08:47:37,511 - CPU Usage    : 0.1%
2026-05-10 08:47:37,524 - RAM Usage    : 7.6%  (591 MB used)
2026-05-10 08:47:37,524 - Disk Usage   : 0.2% (2 GB used)
2026-05-10 08:47:42,526 - ---Stats [08:47:42]---
2026-05-10 08:47:42,526 - CPU Usage    : 0.1%
2026-05-10 08:47:42,526 - RAM Usage    : 7.6%  (590 MB used)
2026-05-10 08:47:42,526 - Disk Usage   : 0.2% (2 GB used)
2026-05-10 08:47:47,528 - ---Stats [08:47:47]---
2026-05-10 08:47:47,528 - CPU Usage    : 0.0%
2026-05-10 08:47:47,528 - RAM Usage    : 7.6%  (591 MB used)
2026-05-10 08:47:47,528 - Disk Usage   : 0.2% (2 GB used)
2026-05-10 08:47:52,529 - ---Stats [08:47:52]---
2026-05-10 08:47:52,529 - CPU Usage    : 0.0%
2026-05-10 08:47:52,532 - RAM Usage    : 7.6%  (591 MB used)
2026-05-10 08:47:52,532 - Disk Usage   : 0.2% (2 GB used)
2026-05-10 08:47:57,533 - ---Stats [08:47:57]---
2026-05-10 08:47:57,534 - CPU Usage    : 0.0%
2026-05-10 08:47:57,534 - RAM Usage    : 7.6%  (591 MB used)
2026-05-10 08:47:57,534 - Disk Usage   : 0.2% (2 GB used)
2026-05-10 08:48:02,538 - ---Stats [08:48:02]---
2026-05-10 08:48:02,538 - CPU Usage    : 0.1%
2026-05-10 08:48:02,538 - RAM Usage    : 7.6%  (591 MB used)
2026-05-10 08:48:02,538 - Disk Usage   : 0.2% (2 GB used)
2026-05-10 08:48:07,539 - ---Stats [08:48:07]---
2026-05-10 08:48:07,539 - CPU Usage    : 0.0%
2026-05-10 08:48:07,539 - RAM Usage    : 7.6%  (591 MB used)
2026-05-10 08:48:07,539 - Disk Usage   : 0.2% (2 GB used)
2026-05-10 08:48:12,541 - ---Stats [08:48:12]---
2026-05-10 08:48:12,541 - CPU Usage    : 0.1%
2026-05-10 08:48:12,541 - RAM Usage    : 7.6%  (591 MB used)
2026-05-10 08:48:12,541 - Disk Usage   : 0.2% (2 GB used)
2026-05-10 08:48:17,543 - ---Stats [08:48:17]---
2026-05-10 08:48:17,543 - CPU Usage    : 0.0%
2026-05-10 08:48:17,543 - RAM Usage    : 7.6%  (591 MB used)
2026-05-10 08:48:17,544 - Disk Usage   : 0.2% (2 GB used)
2026-05-10 08:48:22,545 - ---Stats [08:48:22]---
2026-05-10 08:48:22,546 - CPU Usage    : 0.0%
2026-05-10 08:48:22,546 - RAM Usage    : 7.6%  (591 MB used)
2026-05-10 08:48:22,546 - Disk Usage   : 0.2% (2 GB used)
2026-05-10 08:48:27,546 - ---Stats [08:48:27]---
2026-05-10 08:48:27,546 - CPU Usage    : 0.0%
2026-05-10 08:48:27,559 - RAM Usage    : 7.6%  (591 MB used)
2026-05-10 08:48:27,559 - Disk Usage   : 0.2% (2 GB used)
2026-05-10 08:48:32,561 - ---Stats [08:48:32]---
2026-05-10 08:48:32,562 - CPU Usage    : 0.1%
2026-05-10 08:48:32,575 - RAM Usage    : 7.6%  (592 MB used)
2026-05-10 08:48:32,576 - Disk Usage   : 0.2% (2 GB used)
2026-05-10 08:48:37,577 - ---Stats [08:48:37]---
2026-05-10 08:48:37,578 - CPU Usage    : 0.0%
2026-05-10 08:48:37,578 - RAM Usage    : 7.6%  (592 MB used)
2026-05-10 08:48:37,578 - Disk Usage   : 0.2% (2 GB used)
2026-05-10 08:48:42,579 - ---Stats [08:48:42]---
2026-05-10 08:48:42,580 - CPU Usage    : 0.0%
2026-05-10 08:48:42,593 - RAM Usage    : 7.6%  (592 MB used)
2026-05-10 08:48:42,593 - Disk Usage   : 0.2% (2 GB used)
2026-05-10 08:48:47,594 - ---Stats [08:48:47]---
2026-05-10 08:48:47,594 - CPU Usage    : 0.0%
2026-05-10 08:48:47,594 - RAM Usage    : 7.6%  (592 MB used)
2026-05-10 08:48:47,594 - Disk Usage   : 0.2% (2 GB used)
2026-05-10 08:48:52,595 - ---Stats [08:48:52]---
2026-05-10 08:48:52,596 - CPU Usage    : 0.0%
2026-05-10 08:48:52,596 - RAM Usage    : 7.6%  (590 MB used)
2026-05-10 08:48:52,596 - Disk Usage   : 0.2% (2 GB used)
2026-05-10 08:48:57,597 - ---Stats [08:48:57]---
2026-05-10 08:48:57,597 - CPU Usage    : 0.0%
2026-05-10 08:48:57,597 - RAM Usage    : 7.6%  (590 MB used)
2026-05-10 08:48:57,597 - Disk Usage   : 0.2% (2 GB used)
2026-05-10 08:49:02,599 - ---Stats [08:49:02]---
2026-05-10 08:49:02,599 - CPU Usage    : 0.0%
2026-05-10 08:49:02,599 - RAM Usage    : 7.6%  (590 MB used)
2026-05-10 08:49:02,599 - Disk Usage   : 0.2% (2 GB used)
2026-05-10 08:49:07,600 - ---Stats [08:49:07]---
2026-05-10 08:49:07,613 - CPU Usage    : 0.0%
2026-05-10 08:49:07,613 - RAM Usage    : 7.6%  (590 MB used)
2026-05-10 08:49:07,613 - Disk Usage   : 0.2% (2 GB used)
2026-05-10 08:49:12,614 - ---Stats [08:49:12]---
2026-05-10 08:49:12,614 - CPU Usage    : 0.0%
2026-05-10 08:49:12,615 - RAM Usage    : 7.6%  (590 MB used)
2026-05-10 08:49:12,615 - Disk Usage   : 0.2% (2 GB used)
2026-05-10 08:49:17,630 - ---Stats [08:49:17]---
2026-05-10 08:49:17,630 - CPU Usage    : 0.0%
2026-05-10 08:49:17,630 - RAM Usage    : 7.6%  (590 MB used)
2026-05-10 08:49:17,630 - Disk Usage   : 0.2% (2 GB used)
2026-05-10 08:49:22,631 - ---Stats [08:49:22]---
2026-05-10 08:49:22,631 - CPU Usage    : 0.0%
2026-05-10 08:49:22,631 - RAM Usage    : 7.6%  (590 MB used)
2026-05-10 08:49:22,631 - Disk Usage   : 0.2% (2 GB used)
2026-05-10 08:49:27,631 - ---Stats [08:49:27]---
2026-05-10 08:49:27,631 - CPU Usage    : 0.0%
2026-05-10 08:49:27,644 - RAM Usage    : 7.6%  (590 MB used)
2026-05-10 08:49:27,644 - Disk Usage   : 0.2% (2 GB used)
2026-05-10 08:49:32,645 - ---Stats [08:49:32]---
2026-05-10 08:49:32,646 - CPU Usage    : 0.0%
2026-05-10 08:49:32,646 - RAM Usage    : 7.6%  (590 MB used)
2026-05-10 08:49:32,646 - Disk Usage   : 0.2% (2 GB used)
2026-05-10 08:49:37,647 - ---Stats [08:49:37]---
2026-05-10 08:49:37,648 - CPU Usage    : 0.1%
2026-05-10 08:49:37,648 - RAM Usage    : 7.6%  (591 MB used)
2026-05-10 08:49:37,648 - Disk Usage   : 0.2% (2 GB used)
2026-05-10 08:49:42,648 - ---Stats [08:49:42]---
2026-05-10 08:49:42,648 - CPU Usage    : 0.0%
2026-05-10 08:49:42,648 - RAM Usage    : 7.6%  (591 MB used)
2026-05-10 08:49:42,648 - Disk Usage   : 0.2% (2 GB used)
2026-05-10 08:49:47,649 - ---Stats [08:49:47]---
2026-05-10 08:49:47,649 - CPU Usage    : 0.1%
2026-05-10 08:49:47,649 - RAM Usage    : 7.6%  (592 MB used)
2026-05-10 08:49:47,649 - Disk Usage   : 0.2% (2 GB used)
2026-05-10 08:49:52,650 - ---Stats [08:49:52]---
2026-05-10 08:49:52,650 - CPU Usage    : 0.0%
2026-05-10 08:49:52,650 - RAM Usage    : 7.6%  (590 MB used)
2026-05-10 08:49:52,650 - Disk Usage   : 0.2% (2 GB used)
2026-05-10 08:49:57,651 - ---Stats [08:49:57]---
2026-05-10 08:49:57,651 - CPU Usage    : -0.0%
2026-05-10 08:49:57,651 - RAM Usage    : 7.6%  (590 MB used)
2026-05-10 08:49:57,651 - Disk Usage   : 0.2% (2 GB used)
2026-05-10 08:50:02,652 - ---Stats [08:50:02]---
2026-05-10 08:50:02,652 - CPU Usage    : 0.0%
2026-05-10 08:50:02,652 - RAM Usage    : 7.6%  (590 MB used)
2026-05-10 08:50:02,652 - Disk Usage   : 0.2% (2 GB used)
2026-05-10 08:50:07,653 - ---Stats [08:50:07]---
2026-05-10 08:50:07,654 - CPU Usage    : 0.1%
2026-05-10 08:50:07,654 - RAM Usage    : 7.6%  (590 MB used)
2026-05-10 08:50:07,654 - Disk Usage   : 0.2% (2 GB used)
2026-05-10 08:50:12,655 - ---Stats [08:50:12]---
2026-05-10 08:50:12,655 - CPU Usage    : 0.0%
2026-05-10 08:50:12,655 - RAM Usage    : 7.6%  (590 MB used)
2026-05-10 08:50:12,656 - Disk Usage   : 0.2% (2 GB used)
2026-05-10 08:50:17,657 - ---Stats [08:50:17]---
2026-05-10 08:50:17,658 - CPU Usage    : 0.0%
2026-05-10 08:50:17,658 - RAM Usage    : 7.6%  (590 MB used)
2026-05-10 08:50:17,658 - Disk Usage   : 0.2% (2 GB used)
2026-05-10 08:50:22,659 - ---Stats [08:50:22]---
2026-05-10 08:50:22,659 - CPU Usage    : 0.0%
2026-05-10 08:50:22,673 - RAM Usage    : 7.6%  (590 MB used)
2026-05-10 08:50:22,673 - Disk Usage   : 0.2% (2 GB used)
2026-05-10 08:50:27,674 - ---Stats [08:50:27]---
2026-05-10 08:50:27,675 - CPU Usage    : 0.0%
2026-05-10 08:50:27,675 - RAM Usage    : 7.6%  (591 MB used)
2026-05-10 08:50:27,688 - Disk Usage   : 0.2% (2 GB used)
2026-05-10 08:50:32,689 - ---Stats [08:50:32]---
2026-05-10 08:50:32,689 - CPU Usage    : 0.0%
2026-05-10 08:50:32,689 - RAM Usage    : 7.6%  (591 MB used)
2026-05-10 08:50:32,689 - Disk Usage   : 0.2% (2 GB used)
2026-05-10 08:50:37,690 - ---Stats [08:50:37]---
2026-05-10 08:50:37,690 - CPU Usage    : 0.0%
2026-05-10 08:50:37,690 - RAM Usage    : 7.6%  (591 MB used)
2026-05-10 08:50:37,690 - Disk Usage   : 0.2% (2 GB used)
2026-05-10 08:50:42,691 - ---Stats [08:50:42]---
2026-05-10 08:50:42,692 - CPU Usage    : 0.0%
2026-05-10 08:50:42,693 - RAM Usage    : 7.6%  (591 MB used)
2026-05-10 08:50:42,693 - Disk Usage   : 0.2% (2 GB used)
2026-05-10 08:50:47,693 - ---Stats [08:50:47]---
2026-05-10 08:50:47,693 - CPU Usage    : 0.1%
2026-05-10 08:50:47,693 - RAM Usage    : 7.6%  (591 MB used)
2026-05-10 08:50:47,693 - Disk Usage   : 0.2% (2 GB used)
2026-05-10 08:50:52,695 - ---Stats [08:50:52]---
2026-05-10 08:50:52,695 - CPU Usage    : 0.1%
2026-05-10 08:50:52,695 - RAM Usage    : 7.6%  (590 MB used)
2026-05-10 08:50:52,695 - Disk Usage   : 0.2% (2 GB used)
2026-05-10 08:50:57,696 - ---Stats [08:50:57]---
2026-05-10 08:50:57,697 - CPU Usage    : 0.0%
2026-05-10 08:50:57,710 - RAM Usage    : 7.6%  (590 MB used)
2026-05-10 08:50:57,711 - Disk Usage   : 0.2% (2 GB used)
2026-05-10 08:51:02,713 - ---Stats [08:51:02]---
2026-05-10 08:51:02,713 - CPU Usage    : 0.0%
2026-05-10 08:51:02,715 - RAM Usage    : 7.6%  (590 MB used)
2026-05-10 08:51:02,716 - Disk Usage   : 0.2% (2 GB used)
2026-05-10 08:51:07,717 - ---Stats [08:51:07]---
2026-05-10 08:51:07,717 - CPU Usage    : 0.1%
2026-05-10 08:51:07,717 - RAM Usage    : 7.6%  (591 MB used)
2026-05-10 08:51:07,717 - Disk Usage   : 0.2% (2 GB used)
2026-05-10 08:51:12,718 - ---Stats [08:51:12]---
2026-05-10 08:51:12,718 - CPU Usage    : 0.0%
2026-05-10 08:51:12,719 - RAM Usage    : 7.6%  (589 MB used)
2026-05-10 08:51:12,719 - Disk Usage   : 0.2% (2 GB used)
2026-05-10 08:51:17,719 - ---Stats [08:51:17]---
2026-05-10 08:51:17,719 - CPU Usage    : 0.0%
2026-05-10 08:51:17,719 - RAM Usage    : 7.6%  (589 MB used)
2026-05-10 08:51:17,719 - Disk Usage   : 0.2% (2 GB used)
2026-05-10 08:51:22,720 - ---Stats [08:51:22]---
2026-05-10 08:51:22,721 - CPU Usage    : 0.0%
2026-05-10 08:51:22,721 - RAM Usage    : 7.6%  (589 MB used)
2026-05-10 08:51:22,733 - Disk Usage   : 0.2% (2 GB used)
2026-05-10 08:51:27,735 - ---Stats [08:51:27]---
2026-05-10 08:51:27,735 - CPU Usage    : 0.0%
2026-05-10 08:51:27,735 - RAM Usage    : 7.6%  (590 MB used)
2026-05-10 08:51:27,735 - Disk Usage   : 0.2% (2 GB used)
2026-05-10 08:51:32,749 - ---Stats [08:51:32]---
2026-05-10 08:51:32,749 - CPU Usage    : 0.0%
2026-05-10 08:51:32,749 - RAM Usage    : 7.6%  (589 MB used)
2026-05-10 08:51:32,749 - Disk Usage   : 0.2% (2 GB used)
2026-05-10 08:51:37,750 - ---Stats [08:51:37]---
2026-05-10 08:51:37,750 - CPU Usage    : 0.0%
2026-05-10 08:51:37,763 - RAM Usage    : 7.6%  (590 MB used)
2026-05-10 08:51:37,763 - Disk Usage   : 0.2% (2 GB used)
2026-05-10 08:51:42,764 - ---Stats [08:51:42]---
2026-05-10 08:51:42,764 - CPU Usage    : 0.0%
2026-05-10 08:51:42,764 - RAM Usage    : 7.6%  (589 MB used)
2026-05-10 08:51:42,764 - Disk Usage   : 0.2% (2 GB used)
2026-05-10 08:51:47,765 - ---Stats [08:51:47]---
2026-05-10 08:51:47,765 - CPU Usage    : 0.1%
2026-05-10 08:51:47,765 - RAM Usage    : 7.6%  (591 MB used)
2026-05-10 08:51:47,765 - Disk Usage   : 0.2% (2 GB used)
2026-05-10 08:51:52,766 - ---Stats [08:51:52]---
2026-05-10 08:51:52,766 - CPU Usage    : 0.0%
2026-05-10 08:51:52,766 - RAM Usage    : 7.6%  (591 MB used)
2026-05-10 08:51:52,766 - Disk Usage   : 0.2% (2 GB used)
2026-05-10 08:51:57,768 - ---Stats [08:51:57]---
2026-05-10 08:51:57,768 - CPU Usage    : 0.1%
2026-05-10 08:51:57,770 - RAM Usage    : 7.6%  (591 MB used)
2026-05-10 08:51:57,770 - Disk Usage   : 0.2% (2 GB used)
2026-05-10 08:52:02,771 - ---Stats [08:52:02]---
2026-05-10 08:52:02,771 - CPU Usage    : 0.1%
2026-05-10 08:52:02,771 - RAM Usage    : 7.6%  (591 MB used)
2026-05-10 08:52:02,771 - Disk Usage   : 0.2% (2 GB used)
2026-05-10 08:52:07,772 - ---Stats [08:52:07]---
2026-05-10 08:52:07,772 - CPU Usage    : 0.1%
2026-05-10 08:52:07,785 - RAM Usage    : 7.6%  (592 MB used)
2026-05-10 08:52:07,785 - Disk Usage   : 0.2% (2 GB used)
2026-05-10 08:52:12,786 - ---Stats [08:52:12]---
2026-05-10 08:52:12,786 - CPU Usage    : 0.0%
2026-05-10 08:52:12,786 - RAM Usage    : 7.6%  (592 MB used)
2026-05-10 08:52:12,786 - Disk Usage   : 0.2% (2 GB used)
2026-05-10 08:52:17,787 - ---Stats [08:52:17]---
2026-05-10 08:52:17,787 - CPU Usage    : 0.1%
2026-05-10 08:52:17,788 - RAM Usage    : 7.6%  (592 MB used)
2026-05-10 08:52:17,788 - Disk Usage   : 0.2% (2 GB used)
2026-05-10 08:52:22,789 - ---Stats [08:52:22]---
2026-05-10 08:52:22,789 - CPU Usage    : 0.0%
2026-05-10 08:52:22,803 - RAM Usage    : 7.6%  (592 MB used)
2026-05-10 08:52:22,803 - Disk Usage   : 0.2% (2 GB used)
2026-05-10 08:52:27,804 - ---Stats [08:52:27]---
2026-05-10 08:52:27,804 - CPU Usage    : 0.0%
2026-05-10 08:52:27,818 - RAM Usage    : 7.6%  (592 MB used)
2026-05-10 08:52:27,818 - Disk Usage   : 0.2% (2 GB used)
2026-05-10 08:52:32,819 - ---Stats [08:52:32]---
2026-05-10 08:52:32,819 - CPU Usage    : 0.0%
2026-05-10 08:52:32,819 - RAM Usage    : 7.6%  (591 MB used)
2026-05-10 08:52:32,819 - Disk Usage   : 0.2% (2 GB used)
2026-05-10 08:52:37,820 - ---Stats [08:52:37]---
2026-05-10 08:52:37,820 - CPU Usage    : 0.0%
2026-05-10 08:52:37,820 - RAM Usage    : 7.6%  (592 MB used)
2026-05-10 08:52:37,820 - Disk Usage   : 0.2% (2 GB used)
2026-05-10 08:52:42,821 - ---Stats [08:52:42]---
2026-05-10 08:52:42,821 - CPU Usage    : 0.0%
2026-05-10 08:52:42,821 - RAM Usage    : 7.6%  (592 MB used)
2026-05-10 08:52:42,821 - Disk Usage   : 0.2% (2 GB used)
2026-05-10 08:52:47,823 - ---Stats [08:52:47]---
2026-05-10 08:52:47,823 - CPU Usage    : 0.0%
2026-05-10 08:52:47,823 - RAM Usage    : 7.6%  (592 MB used)
2026-05-10 08:52:47,823 - Disk Usage   : 0.2% (2 GB used)
2026-05-10 08:52:52,824 - ---Stats [08:52:52]---
2026-05-10 08:52:52,824 - CPU Usage    : 0.0%
2026-05-10 08:52:52,824 - RAM Usage    : 7.6%  (592 MB used)
2026-05-10 08:52:52,824 - Disk Usage   : 0.2% (2 GB used)
2026-05-10 08:52:57,825 - ---Stats [08:52:57]---
2026-05-10 08:52:57,825 - CPU Usage    : 0.0%
2026-05-10 08:52:57,825 - RAM Usage    : 7.6%  (592 MB used)
2026-05-10 08:52:57,825 - Disk Usage   : 0.2% (2 GB used)
2026-05-10 08:53:02,825 - ---Stats [08:53:02]---
2026-05-10 08:53:02,826 - CPU Usage    : 0.0%
2026-05-10 08:53:02,826 - RAM Usage    : 7.6%  (592 MB used)
2026-05-10 08:53:02,826 - Disk Usage   : 0.2% (2 GB used)
2026-05-10 08:53:07,827 - ---Stats [08:53:07]---
2026-05-10 08:53:07,827 - CPU Usage    : 0.0%
2026-05-10 08:53:07,827 - RAM Usage    : 7.6%  (592 MB used)
2026-05-10 08:53:07,827 - Disk Usage   : 0.2% (2 GB used)
2026-05-10 08:53:12,829 - ---Stats [08:53:12]---
2026-05-10 08:53:12,829 - CPU Usage    : 0.1%
2026-05-10 08:53:12,829 - RAM Usage    : 7.6%  (592 MB used)
2026-05-10 08:53:12,829 - Disk Usage   : 0.2% (2 GB used)
2026-05-10 08:53:17,830 - ---Stats [08:53:17]---
2026-05-10 08:53:17,830 - CPU Usage    : 0.0%
2026-05-10 08:53:17,832 - RAM Usage    : 7.6%  (592 MB used)
2026-05-10 08:53:17,832 - Disk Usage   : 0.2% (2 GB used)
2026-05-10 08:53:22,833 - ---Stats [08:53:22]---
2026-05-10 08:53:22,833 - CPU Usage    : 0.0%
2026-05-10 08:53:22,833 - RAM Usage    : 7.6%  (592 MB used)
2026-05-10 08:53:22,833 - Disk Usage   : 0.2% (2 GB used)
2026-05-10 08:53:27,834 - ---Stats [08:53:27]---
2026-05-10 08:53:27,834 - CPU Usage    : 0.0%
2026-05-10 08:53:27,834 - RAM Usage    : 7.6%  (592 MB used)
2026-05-10 08:53:27,834 - Disk Usage   : 0.2% (2 GB used)
2026-05-10 08:53:32,835 - ---Stats [08:53:32]---
2026-05-10 08:53:32,835 - CPU Usage    : 0.0%
2026-05-10 08:53:32,837 - RAM Usage    : 7.6%  (592 MB used)
2026-05-10 08:53:32,837 - Disk Usage   : 0.2% (2 GB used)
2026-05-10 08:53:37,838 - ---Stats [08:53:37]---
2026-05-10 08:53:37,838 - CPU Usage    : 0.0%
2026-05-10 08:53:37,851 - RAM Usage    : 7.6%  (592 MB used)
2026-05-10 08:53:37,851 - Disk Usage   : 0.2% (2 GB used)
2026-05-10 08:53:42,852 - ---Stats [08:53:42]---
2026-05-10 08:53:42,853 - CPU Usage    : 0.0%
2026-05-10 08:53:42,866 - RAM Usage    : 7.6%  (592 MB used)
2026-05-10 08:53:42,866 - Disk Usage   : 0.2% (2 GB used)
2026-05-10 08:53:47,866 - ---Stats [08:53:47]---
2026-05-10 08:53:47,867 - CPU Usage    : 1.1%
2026-05-10 08:53:47,867 - RAM Usage    : 7.6%  (592 MB used)
2026-05-10 08:53:47,867 - Disk Usage   : 0.2% (2 GB used)
2026-05-10 08:53:52,867 - ---Stats [08:53:52]---
2026-05-10 08:53:52,867 - CPU Usage    : 0.1%
2026-05-10 08:53:52,867 - RAM Usage    : 7.6%  (588 MB used)
2026-05-10 08:53:52,867 - Disk Usage   : 0.2% (2 GB used)
2026-05-10 08:53:57,868 - ---Stats [08:53:57]---
2026-05-10 08:53:57,868 - CPU Usage    : 0.0%
2026-05-10 08:53:57,868 - RAM Usage    : 7.6%  (589 MB used)
2026-05-10 08:53:57,868 - Disk Usage   : 0.2% (2 GB used)
2026-05-10 08:54:02,869 - ---Stats [08:54:02]---
2026-05-10 08:54:02,869 - CPU Usage    : 0.1%
2026-05-10 08:54:02,869 - RAM Usage    : 7.6%  (589 MB used)
2026-05-10 08:54:02,869 - Disk Usage   : 0.2% (2 GB used)
2026-05-10 08:54:07,870 - ---Stats [08:54:07]---
2026-05-10 08:54:07,870 - CPU Usage    : 0.1%
2026-05-10 08:54:07,870 - RAM Usage    : 7.6%  (589 MB used)
2026-05-10 08:54:07,870 - Disk Usage   : 0.2% (2 GB used)
2026-05-10 08:54:12,871 - ---Stats [08:54:12]---
2026-05-10 08:54:12,871 - CPU Usage    : 0.0%
2026-05-10 08:54:12,871 - RAM Usage    : 7.6%  (589 MB used)
2026-05-10 08:54:12,871 - Disk Usage   : 0.2% (2 GB used)
2026-05-10 08:54:17,872 - ---Stats [08:54:17]---
2026-05-10 08:54:17,872 - CPU Usage    : 0.0%
2026-05-10 08:54:17,872 - RAM Usage    : 7.6%  (589 MB used)
2026-05-10 08:54:17,872 - Disk Usage   : 0.2% (2 GB used)
2026-05-10 08:54:22,873 - ---Stats [08:54:22]---
2026-05-10 08:54:22,874 - CPU Usage    : 0.1%
2026-05-10 08:54:22,874 - RAM Usage    : 7.6%  (589 MB used)
2026-05-10 08:54:22,874 - Disk Usage   : 0.2% (2 GB used)
2026-05-10 08:54:27,874 - ---Stats [08:54:27]---
2026-05-10 08:54:27,875 - CPU Usage    : 0.0%
2026-05-10 08:54:27,875 - RAM Usage    : 7.6%  (589 MB used)
2026-05-10 08:54:27,875 - Disk Usage   : 0.2% (2 GB used)
2026-05-10 08:54:32,876 - ---Stats [08:54:32]---
2026-05-10 08:54:32,876 - CPU Usage    : 0.0%
2026-05-10 08:54:32,876 - RAM Usage    : 7.6%  (589 MB used)
2026-05-10 08:54:32,876 - Disk Usage   : 0.2% (2 GB used)
2026-05-10 08:54:37,878 - ---Stats [08:54:37]---
2026-05-10 08:54:37,878 - CPU Usage    : 0.0%
2026-05-10 08:54:37,878 - RAM Usage    : 7.6%  (590 MB used)
2026-05-10 08:54:37,878 - Disk Usage   : 0.2% (2 GB used)
2026-05-10 08:54:42,879 - ---Stats [08:54:42]---
2026-05-10 08:54:42,879 - CPU Usage    : 0.0%
2026-05-10 08:54:42,879 - RAM Usage    : 7.6%  (590 MB used)
2026-05-10 08:54:42,879 - Disk Usage   : 0.2% (2 GB used)
2026-05-10 08:54:47,880 - ---Stats [08:54:47]---
2026-05-10 08:54:47,880 - CPU Usage    : 0.0%
2026-05-10 08:54:47,880 - RAM Usage    : 7.6%  (590 MB used)
2026-05-10 08:54:47,880 - Disk Usage   : 0.2% (2 GB used)
2026-05-10 08:54:52,881 - ---Stats [08:54:52]---
2026-05-10 08:54:52,881 - CPU Usage    : 0.0%
2026-05-10 08:54:52,881 - RAM Usage    : 7.6%  (590 MB used)
2026-05-10 08:54:52,881 - Disk Usage   : 0.2% (2 GB used)
2026-05-10 08:54:57,882 - ---Stats [08:54:57]---
2026-05-10 08:54:57,882 - CPU Usage    : 0.0%
2026-05-10 08:54:57,882 - RAM Usage    : 7.6%  (590 MB used)
2026-05-10 08:54:57,882 - Disk Usage   : 0.2% (2 GB used)
2026-05-10 08:55:02,883 - ---Stats [08:55:02]---
2026-05-10 08:55:02,883 - CPU Usage    : 0.0%
2026-05-10 08:55:02,883 - RAM Usage    : 7.6%  (590 MB used)
2026-05-10 08:55:02,883 - Disk Usage   : 0.2% (2 GB used)
2026-05-10 08:55:07,884 - ---Stats [08:55:07]---
2026-05-10 08:55:07,884 - CPU Usage    : 0.0%
2026-05-10 08:55:07,899 - RAM Usage    : 7.6%  (590 MB used)
2026-05-10 08:55:07,899 - Disk Usage   : 0.2% (2 GB used)
2026-05-10 08:55:12,900 - ---Stats [08:55:12]---
2026-05-10 08:55:12,900 - CPU Usage    : 0.0%
2026-05-10 08:55:12,900 - RAM Usage    : 7.6%  (590 MB used)
2026-05-10 08:55:12,900 - Disk Usage   : 0.2% (2 GB used)
2026-05-10 08:55:17,901 - ---Stats [08:55:17]---
2026-05-10 08:55:17,901 - CPU Usage    : 0.0%
2026-05-10 08:55:17,901 - RAM Usage    : 7.6%  (590 MB used)
2026-05-10 08:55:17,902 - Disk Usage   : 0.2% (2 GB used)
2026-05-10 08:55:22,902 - ---Stats [08:55:22]---
2026-05-10 08:55:22,903 - CPU Usage    : 0.0%
2026-05-10 08:55:22,903 - RAM Usage    : 7.6%  (590 MB used)
2026-05-10 08:55:22,903 - Disk Usage   : 0.2% (2 GB used)
2026-05-10 08:55:27,904 - ---Stats [08:55:27]---
2026-05-10 08:55:27,904 - CPU Usage    : 0.0%
2026-05-10 08:55:27,904 - RAM Usage    : 7.6%  (590 MB used)
2026-05-10 08:55:27,904 - Disk Usage   : 0.2% (2 GB used)
2026-05-10 08:55:32,905 - ---Stats [08:55:32]---
2026-05-10 08:55:32,905 - CPU Usage    : 0.0%
2026-05-10 08:55:32,905 - RAM Usage    : 7.6%  (590 MB used)
2026-05-10 08:55:32,905 - Disk Usage   : 0.2% (2 GB used)
2026-05-10 08:55:37,907 - ---Stats [08:55:37]---
2026-05-10 08:55:37,907 - CPU Usage    : 0.0%
2026-05-10 08:55:37,907 - RAM Usage    : 7.6%  (590 MB used)
2026-05-10 08:55:37,907 - Disk Usage   : 0.2% (2 GB used)
2026-05-10 08:55:42,908 - ---Stats [08:55:42]---
2026-05-10 08:55:42,908 - CPU Usage    : 0.0%
2026-05-10 08:55:42,908 - RAM Usage    : 7.6%  (590 MB used)
2026-05-10 08:55:42,908 - Disk Usage   : 0.2% (2 GB used)
2026-05-10 08:55:47,909 - ---Stats [08:55:47]---
2026-05-10 08:55:47,909 - CPU Usage    : 0.1%
2026-05-10 08:55:47,909 - RAM Usage    : 7.6%  (591 MB used)
2026-05-10 08:55:47,909 - Disk Usage   : 0.2% (2 GB used)
2026-05-10 08:55:52,910 - ---Stats [08:55:52]---
2026-05-10 08:55:52,910 - CPU Usage    : 0.0%
2026-05-10 08:55:52,911 - RAM Usage    : 7.6%  (588 MB used)
2026-05-10 08:55:52,911 - Disk Usage   : 0.2% (2 GB used)
2026-05-10 08:55:57,912 - ---Stats [08:55:57]---
2026-05-10 08:55:57,913 - CPU Usage    : 0.0%
2026-05-10 08:55:57,913 - RAM Usage    : 7.6%  (588 MB used)
2026-05-10 08:55:57,913 - Disk Usage   : 0.2% (2 GB used)
2026-05-10 08:56:02,914 - ---Stats [08:56:02]---
2026-05-10 08:56:02,914 - CPU Usage    : 0.0%
2026-05-10 08:56:02,914 - RAM Usage    : 7.6%  (588 MB used)
2026-05-10 08:56:02,914 - Disk Usage   : 0.2% (2 GB used)
2026-05-10 08:56:07,915 - ---Stats [08:56:07]---
2026-05-10 08:56:07,915 - CPU Usage    : 0.0%
2026-05-10 08:56:07,915 - RAM Usage    : 7.6%  (588 MB used)
2026-05-10 08:56:07,915 - Disk Usage   : 0.2% (2 GB used)
2026-05-10 08:56:12,916 - ---Stats [08:56:12]---
2026-05-10 08:56:12,916 - CPU Usage    : 0.0%
2026-05-10 08:56:12,917 - RAM Usage    : 7.6%  (588 MB used)
2026-05-10 08:56:12,917 - Disk Usage   : 0.2% (2 GB used)
2026-05-10 08:56:17,932 - ---Stats [08:56:17]---
2026-05-10 08:56:17,932 - CPU Usage    : 0.0%
2026-05-10 08:56:17,946 - RAM Usage    : 7.6%  (588 MB used)
2026-05-10 08:56:17,947 - Disk Usage   : 0.2% (2 GB used)
2026-05-10 08:56:22,948 - ---Stats [08:56:22]---
2026-05-10 08:56:22,948 - CPU Usage    : 0.0%
2026-05-10 08:56:22,962 - RAM Usage    : 7.6%  (588 MB used)
2026-05-10 08:56:22,962 - Disk Usage   : 0.2% (2 GB used)
2026-05-10 08:56:27,963 - ---Stats [08:56:27]---
2026-05-10 08:56:27,963 - CPU Usage    : 0.0%
2026-05-10 08:56:27,977 - RAM Usage    : 7.6%  (588 MB used)
2026-05-10 08:56:27,978 - Disk Usage   : 0.2% (2 GB used)
2026-05-10 08:56:32,979 - ---Stats [08:56:32]---
2026-05-10 08:56:32,979 - CPU Usage    : 0.0%
2026-05-10 08:56:32,992 - RAM Usage    : 7.6%  (588 MB used)
2026-05-10 08:56:32,992 - Disk Usage   : 0.2% (2 GB used)
2026-05-10 08:56:37,993 - ---Stats [08:56:37]---
2026-05-10 08:56:37,994 - CPU Usage    : 0.0%
2026-05-10 08:56:38,007 - RAM Usage    : 7.6%  (588 MB used)
2026-05-10 08:56:38,007 - Disk Usage   : 0.2% (2 GB used)
2026-05-10 08:56:43,008 - ---Stats [08:56:43]---
2026-05-10 08:56:43,008 - CPU Usage    : 0.0%
2026-05-10 08:56:43,020 - RAM Usage    : 7.6%  (589 MB used)
2026-05-10 08:56:43,020 - Disk Usage   : 0.2% (2 GB used)
2026-05-10 08:56:48,021 - ---Stats [08:56:48]---
2026-05-10 08:56:48,021 - CPU Usage    : 0.1%
2026-05-10 08:56:48,022 - RAM Usage    : 7.6%  (589 MB used)
2026-05-10 08:56:48,022 - Disk Usage   : 0.2% (2 GB used)
2026-05-10 08:56:53,022 - ---Stats [08:56:53]---
2026-05-10 08:56:53,022 - CPU Usage    : 0.0%
2026-05-10 08:56:53,035 - RAM Usage    : 7.6%  (589 MB used)
2026-05-10 08:56:53,035 - Disk Usage   : 0.2% (2 GB used)
2026-05-10 08:56:58,036 - ---Stats [08:56:58]---
2026-05-10 08:56:58,037 - CPU Usage    : 0.0%
2026-05-10 08:56:58,037 - RAM Usage    : 7.6%  (589 MB used)
2026-05-10 08:56:58,037 - Disk Usage   : 0.2% (2 GB used)
2026-05-10 08:57:03,037 - ---Stats [08:57:03]---
2026-05-10 08:57:03,037 - CPU Usage    : 0.0%
2026-05-10 08:57:03,050 - RAM Usage    : 7.6%  (589 MB used)
2026-05-10 08:57:03,050 - Disk Usage   : 0.2% (2 GB used)
2026-05-10 08:57:08,052 - ---Stats [08:57:08]---
2026-05-10 08:57:08,052 - CPU Usage    : 0.0%
2026-05-10 08:57:08,065 - RAM Usage    : 7.6%  (589 MB used)
2026-05-10 08:57:08,066 - Disk Usage   : 0.2% (2 GB used)
2026-05-10 08:57:13,067 - ---Stats [08:57:13]---
2026-05-10 08:57:13,068 - CPU Usage    : 0.0%
2026-05-10 08:57:13,068 - RAM Usage    : 7.6%  (589 MB used)
2026-05-10 08:57:13,082 - Disk Usage   : 0.2% (2 GB used)
2026-05-10 08:57:18,084 - ---Stats [08:57:18]---
2026-05-10 08:57:18,084 - CPU Usage    : 0.1%
2026-05-10 08:57:18,098 - RAM Usage    : 7.6%  (589 MB used)
2026-05-10 08:57:18,099 - Disk Usage   : 0.2% (2 GB used)
2026-05-10 08:57:23,100 - ---Stats [08:57:23]---
2026-05-10 08:57:23,100 - CPU Usage    : 0.0%
2026-05-10 08:57:23,100 - RAM Usage    : 7.6%  (589 MB used)
2026-05-10 08:57:23,100 - Disk Usage   : 0.2% (2 GB used)
2026-05-10 08:57:28,102 - ---Stats [08:57:28]---
2026-05-10 08:57:28,106 - CPU Usage    : 0.0%
2026-05-10 08:57:28,115 - RAM Usage    : 7.6%  (589 MB used)
2026-05-10 08:57:28,115 - Disk Usage   : 0.2% (2 GB used)
2026-05-10 08:57:33,116 - ---Stats [08:57:33]---
2026-05-10 08:57:33,116 - CPU Usage    : 0.0%
2026-05-10 08:57:33,117 - RAM Usage    : 7.6%  (589 MB used)
2026-05-10 08:57:33,117 - Disk Usage   : 0.2% (2 GB used)
2026-05-10 08:57:38,118 - ---Stats [08:57:38]---
2026-05-10 08:57:38,118 - CPU Usage    : 0.0%
2026-05-10 08:57:38,118 - RAM Usage    : 7.6%  (589 MB used)
2026-05-10 08:57:38,118 - Disk Usage   : 0.2% (2 GB used)
2026-05-10 08:57:43,120 - ---Stats [08:57:43]---
2026-05-10 08:57:43,120 - CPU Usage    : 0.0%
2026-05-10 08:57:43,121 - RAM Usage    : 7.6%  (589 MB used)
2026-05-10 08:57:43,121 - Disk Usage   : 0.2% (2 GB used)
2026-05-10 08:57:48,122 - ---Stats [08:57:48]---
2026-05-10 08:57:48,122 - CPU Usage    : 0.1%
2026-05-10 08:57:48,122 - RAM Usage    : 7.6%  (589 MB used)
2026-05-10 08:57:48,122 - Disk Usage   : 0.2% (2 GB used)
2026-05-10 08:57:53,123 - ---Stats [08:57:53]---
2026-05-10 08:57:53,124 - CPU Usage    : 0.0%
2026-05-10 08:57:53,124 - RAM Usage    : 7.6%  (589 MB used)
2026-05-10 08:57:53,124 - Disk Usage   : 0.2% (2 GB used)
2026-05-10 08:57:58,125 - ---Stats [08:57:58]---
2026-05-10 08:57:58,126 - CPU Usage    : 0.0%
2026-05-10 08:57:58,126 - RAM Usage    : 7.6%  (589 MB used)
2026-05-10 08:57:58,126 - Disk Usage   : 0.2% (2 GB used)
2026-05-10 08:58:03,127 - ---Stats [08:58:03]---
2026-05-10 08:58:03,128 - CPU Usage    : 0.0%
2026-05-10 08:58:03,128 - RAM Usage    : 7.6%  (589 MB used)
2026-05-10 08:58:03,128 - Disk Usage   : 0.2% (2 GB used)
2026-05-10 08:58:08,130 - ---Stats [08:58:08]---
2026-05-10 08:58:08,130 - CPU Usage    : 0.1%
2026-05-10 08:58:08,132 - RAM Usage    : 7.6%  (589 MB used)
2026-05-10 08:58:08,132 - Disk Usage   : 0.2% (2 GB used)
2026-05-10 08:58:13,134 - ---Stats [08:58:13]---
2026-05-10 08:58:13,134 - CPU Usage    : 0.0%
2026-05-10 08:58:13,149 - RAM Usage    : 7.6%  (589 MB used)
2026-05-10 08:58:13,149 - Disk Usage   : 0.2% (2 GB used)
2026-05-10 08:58:18,150 - ---Stats [08:58:18]---
2026-05-10 08:58:18,151 - CPU Usage    : 0.0%
2026-05-10 08:58:18,163 - RAM Usage    : 7.6%  (589 MB used)
2026-05-10 08:58:18,164 - Disk Usage   : 0.2% (2 GB used)
2026-05-10 08:58:23,165 - ---Stats [08:58:23]---
2026-05-10 08:58:23,165 - CPU Usage    : 0.1%
2026-05-10 08:58:23,167 - RAM Usage    : 7.6%  (589 MB used)
2026-05-10 08:58:23,168 - Disk Usage   : 0.2% (2 GB used)
2026-05-10 08:58:28,169 - ---Stats [08:58:28]---
2026-05-10 08:58:28,169 - CPU Usage    : 0.0%
2026-05-10 08:58:28,182 - RAM Usage    : 7.6%  (589 MB used)
2026-05-10 08:58:28,182 - Disk Usage   : 0.2% (2 GB used)
2026-05-10 08:58:33,183 - ---Stats [08:58:33]---
2026-05-10 08:58:33,184 - CPU Usage    : 0.0%
2026-05-10 08:58:33,197 - RAM Usage    : 7.6%  (589 MB used)
2026-05-10 08:58:33,197 - Disk Usage   : 0.2% (2 GB used)
2026-05-10 08:58:38,198 - ---Stats [08:58:38]---
2026-05-10 08:58:38,199 - CPU Usage    : 0.0%
2026-05-10 08:58:38,201 - RAM Usage    : 7.6%  (589 MB used)
2026-05-10 08:58:38,201 - Disk Usage   : 0.2% (2 GB used)
2026-05-10 08:58:43,202 - ---Stats [08:58:43]---
2026-05-10 08:58:43,203 - CPU Usage    : 0.0%
2026-05-10 08:58:43,216 - RAM Usage    : 7.6%  (589 MB used)
2026-05-10 08:58:43,216 - Disk Usage   : 0.2% (2 GB used)
2026-05-10 08:58:48,218 - ---Stats [08:58:48]---
2026-05-10 08:58:48,218 - CPU Usage    : 0.1%
2026-05-10 08:58:48,218 - RAM Usage    : 7.6%  (587 MB used)
2026-05-10 08:58:48,218 - Disk Usage   : 0.2% (2 GB used)
2026-05-10 08:58:53,219 - ---Stats [08:58:53]---
2026-05-10 08:58:53,219 - CPU Usage    : 0.0%
2026-05-10 08:58:53,232 - RAM Usage    : 7.6%  (587 MB used)
2026-05-10 08:58:53,233 - Disk Usage   : 0.2% (2 GB used)
2026-05-10 08:58:58,234 - ---Stats [08:58:58]---
2026-05-10 08:58:58,234 - CPU Usage    : 0.0%
2026-05-10 08:58:58,247 - RAM Usage    : 7.6%  (587 MB used)
2026-05-10 08:58:58,247 - Disk Usage   : 0.2% (2 GB used)
2026-05-10 08:59:03,248 - ---Stats [08:59:03]---
2026-05-10 08:59:03,248 - CPU Usage    : 0.1%
2026-05-10 08:59:03,262 - RAM Usage    : 7.6%  (587 MB used)
2026-05-10 08:59:03,262 - Disk Usage   : 0.2% (2 GB used)
2026-05-10 08:59:08,263 - ---Stats [08:59:08]---
2026-05-10 08:59:08,263 - CPU Usage    : 0.0%
2026-05-10 08:59:08,264 - RAM Usage    : 7.6%  (586 MB used)
2026-05-10 08:59:08,264 - Disk Usage   : 0.2% (2 GB used)
2026-05-10 08:59:13,265 - ---Stats [08:59:13]---
2026-05-10 08:59:13,265 - CPU Usage    : 0.0%
2026-05-10 08:59:13,265 - RAM Usage    : 7.5%  (586 MB used)
2026-05-10 08:59:13,265 - Disk Usage   : 0.2% (2 GB used)
2026-05-10 08:59:18,266 - ---Stats [08:59:18]---
2026-05-10 08:59:18,267 - CPU Usage    : 0.1%
2026-05-10 08:59:18,267 - RAM Usage    : 7.6%  (586 MB used)
2026-05-10 08:59:18,267 - Disk Usage   : 0.2% (2 GB used)
2026-05-10 08:59:23,268 - ---Stats [08:59:23]---
2026-05-10 08:59:23,269 - CPU Usage    : 0.0%
2026-05-10 08:59:23,269 - RAM Usage    : 7.6%  (586 MB used)
2026-05-10 08:59:23,269 - Disk Usage   : 0.2% (2 GB used)
2026-05-10 08:59:28,270 - ---Stats [08:59:28]---
2026-05-10 08:59:28,270 - CPU Usage    : 0.0%
2026-05-10 08:59:28,270 - RAM Usage    : 7.6%  (586 MB used)
2026-05-10 08:59:28,270 - Disk Usage   : 0.2% (2 GB used)
2026-05-10 08:59:33,272 - ---Stats [08:59:33]---
2026-05-10 08:59:33,272 - CPU Usage    : 0.0%
2026-05-10 08:59:33,272 - RAM Usage    : 7.6%  (586 MB used)
2026-05-10 08:59:33,272 - Disk Usage   : 0.2% (2 GB used)
2026-05-10 08:59:38,273 - ---Stats [08:59:38]---
2026-05-10 08:59:38,273 - CPU Usage    : 0.1%
2026-05-10 08:59:38,273 - RAM Usage    : 7.6%  (586 MB used)
2026-05-10 08:59:38,273 - Disk Usage   : 0.2% (2 GB used)
2026-05-10 08:59:43,274 - ---Stats [08:59:43]---
2026-05-10 08:59:43,274 - CPU Usage    : 0.0%
2026-05-10 08:59:43,274 - RAM Usage    : 7.6%  (586 MB used)
2026-05-10 08:59:43,274 - Disk Usage   : 0.2% (2 GB used)
2026-05-10 08:59:48,275 - ---Stats [08:59:48]---
2026-05-10 08:59:48,275 - CPU Usage    : 0.0%
2026-05-10 08:59:48,275 - RAM Usage    : 7.6%  (587 MB used)
2026-05-10 08:59:48,275 - Disk Usage   : 0.2% (2 GB used)
2026-05-10 08:59:53,276 - ---Stats [08:59:53]---
2026-05-10 08:59:53,276 - CPU Usage    : 0.0%
2026-05-10 08:59:53,276 - RAM Usage    : 7.6%  (587 MB used)
2026-05-10 08:59:53,276 - Disk Usage   : 0.2% (2 GB used)
2026-05-10 08:59:58,277 - ---Stats [08:59:58]---
2026-05-10 08:59:58,278 - CPU Usage    : 0.0%
2026-05-10 08:59:58,278 - RAM Usage    : 7.6%  (587 MB used)
2026-05-10 08:59:58,278 - Disk Usage   : 0.2% (2 GB used)
2026-05-10 09:00:03,279 - ---Stats [09:00:03]---
2026-05-10 09:00:03,279 - CPU Usage    : 0.0%
2026-05-10 09:00:03,291 - RAM Usage    : 7.6%  (587 MB used)
2026-05-10 09:00:03,292 - Disk Usage   : 0.2% (2 GB used)
2026-05-10 09:00:08,295 - ---Stats [09:00:08]---
2026-05-10 09:00:08,295 - CPU Usage    : 0.0%
2026-05-10 09:00:08,297 - RAM Usage    : 7.6%  (587 MB used)
2026-05-10 09:00:08,297 - Disk Usage   : 0.2% (2 GB used)
2026-05-10 09:00:13,298 - ---Stats [09:00:13]---
2026-05-10 09:00:13,298 - CPU Usage    : 0.1%
2026-05-10 09:00:13,312 - RAM Usage    : 7.6%  (587 MB used)
2026-05-10 09:00:13,312 - Disk Usage   : 0.2% (2 GB used)
2026-05-10 09:00:18,313 - ---Stats [09:00:18]---
2026-05-10 09:00:18,313 - CPU Usage    : 0.0%
2026-05-10 09:00:18,313 - RAM Usage    : 7.6%  (587 MB used)
2026-05-10 09:00:18,313 - Disk Usage   : 0.2% (2 GB used)
2026-05-10 09:00:23,314 - ---Stats [09:00:23]---
2026-05-10 09:00:23,314 - CPU Usage    : 0.0%
2026-05-10 09:00:23,315 - RAM Usage    : 7.6%  (587 MB used)
2026-05-10 09:00:23,315 - Disk Usage   : 0.2% (2 GB used)
2026-05-10 09:00:28,315 - ---Stats [09:00:28]---
2026-05-10 09:00:28,316 - CPU Usage    : 0.1%
2026-05-10 09:00:28,329 - RAM Usage    : 7.6%  (587 MB used)
2026-05-10 09:00:28,330 - Disk Usage   : 0.2% (2 GB used)
2026-05-10 09:00:33,331 - ---Stats [09:00:33]---
2026-05-10 09:00:33,331 - CPU Usage    : 0.0%
2026-05-10 09:00:33,345 - RAM Usage    : 7.6%  (587 MB used)
2026-05-10 09:00:33,345 - Disk Usage   : 0.2% (2 GB used)
2026-05-10 09:00:38,346 - ---Stats [09:00:38]---
2026-05-10 09:00:38,347 - CPU Usage    : 0.0%
2026-05-10 09:00:38,360 - RAM Usage    : 7.6%  (588 MB used)
2026-05-10 09:00:38,360 - Disk Usage   : 0.2% (2 GB used)
2026-05-10 09:00:43,361 - ---Stats [09:00:43]---
2026-05-10 09:00:43,362 - CPU Usage    : 0.0%
2026-05-10 09:00:43,375 - RAM Usage    : 7.6%  (588 MB used)
2026-05-10 09:00:43,375 - Disk Usage   : 0.2% (2 GB used)
2026-05-10 09:00:48,386 - ---Stats [09:00:48]---
2026-05-10 09:00:48,395 - CPU Usage    : 0.1%
2026-05-10 09:00:48,399 - RAM Usage    : 7.6%  (588 MB used)
2026-05-10 09:00:48,400 - Disk Usage   : 0.2% (2 GB used)
2026-05-10 09:00:53,401 - ---Stats [09:00:53]---
2026-05-10 09:00:53,402 - CPU Usage    : 0.0%
2026-05-10 09:00:53,402 - RAM Usage    : 7.6%  (588 MB used)
2026-05-10 09:00:53,402 - Disk Usage   : 0.2% (2 GB used)
2026-05-10 09:00:58,403 - ---Stats [09:00:58]---
2026-05-10 09:00:58,403 - CPU Usage    : 0.1%
2026-05-10 09:00:58,403 - RAM Usage    : 7.6%  (587 MB used)
2026-05-10 09:00:58,403 - Disk Usage   : 0.2% (2 GB used)
2026-05-10 09:01:03,409 - ---Stats [09:01:03]---
2026-05-10 09:01:03,409 - CPU Usage    : 0.0%
2026-05-10 09:01:03,409 - RAM Usage    : 7.5%  (585 MB used)
2026-05-10 09:01:03,409 - Disk Usage   : 0.2% (2 GB used)
2026-05-10 09:01:08,410 - ---Stats [09:01:08]---
2026-05-10 09:01:08,411 - CPU Usage    : 0.1%
2026-05-10 09:01:08,411 - RAM Usage    : 7.5%  (585 MB used)
2026-05-10 09:01:08,411 - Disk Usage   : 0.2% (2 GB used)
2026-05-10 09:01:13,411 - ---Stats [09:01:13]---
2026-05-10 09:01:13,412 - CPU Usage    : 0.0%
2026-05-10 09:01:13,412 - RAM Usage    : 7.5%  (585 MB used)
2026-05-10 09:01:13,412 - Disk Usage   : 0.2% (2 GB used)
2026-05-10 09:01:18,416 - ---Stats [09:01:18]---
2026-05-10 09:01:18,416 - CPU Usage    : 0.0%
2026-05-10 09:01:18,416 - RAM Usage    : 7.5%  (585 MB used)
2026-05-10 09:01:18,416 - Disk Usage   : 0.2% (2 GB used)
2026-05-10 09:01:23,417 - ---Stats [09:01:23]---
2026-05-10 09:01:23,417 - CPU Usage    : 0.8%
2026-05-10 09:01:23,417 - RAM Usage    : 7.7%  (596 MB used)
2026-05-10 09:01:23,417 - Disk Usage   : 0.2% (2 GB used)
2026-05-10 09:03:39,203 - ---Stats [09:03:39]---
2026-05-10 09:03:39,203 - CPU Usage    : 0.1%
2026-05-10 09:03:39,203 - RAM Usage    : 7.6%  (593 MB used)
2026-05-10 09:03:39,203 - Disk Usage   : 0.2% (2 GB used)
2026-05-10 09:03:44,204 - ---Stats [09:03:44]---
2026-05-10 09:03:44,204 - CPU Usage    : 0.1%
2026-05-10 09:03:44,204 - RAM Usage    : 7.6%  (593 MB used)
2026-05-10 09:03:44,204 - Disk Usage   : 0.2% (2 GB used)
2026-05-10 09:03:49,205 - ---Stats [09:03:49]---
2026-05-10 09:03:49,205 - CPU Usage    : 0.1%
2026-05-10 09:03:49,205 - RAM Usage    : 7.6%  (591 MB used)
2026-05-10 09:03:49,206 - Disk Usage   : 0.2% (2 GB used)
2026-05-10 09:03:54,206 - ---Stats [09:03:54]---
2026-05-10 09:03:54,207 - CPU Usage    : 0.0%
2026-05-10 09:03:54,219 - RAM Usage    : 7.6%  (591 MB used)
2026-05-10 09:03:54,219 - Disk Usage   : 0.2% (2 GB used)
2026-05-10 09:03:59,220 - ---Stats [09:03:59]---
2026-05-10 09:03:59,221 - CPU Usage    : 0.0%
2026-05-10 09:03:59,234 - RAM Usage    : 7.6%  (591 MB used)
2026-05-10 09:03:59,235 - Disk Usage   : 0.2% (2 GB used)
2026-05-10 09:04:04,236 - ---Stats [09:04:04]---
2026-05-10 09:04:04,236 - CPU Usage    : 0.1%
2026-05-10 09:04:04,236 - RAM Usage    : 7.6%  (592 MB used)
2026-05-10 09:04:04,236 - Disk Usage   : 0.2% (2 GB used)
2026-05-10 09:04:09,237 - ---Stats [09:04:09]---
2026-05-10 09:04:09,237 - CPU Usage    : 0.0%
2026-05-10 09:04:09,251 - RAM Usage    : 7.6%  (590 MB used)
2026-05-10 09:04:09,251 - Disk Usage   : 0.2% (2 GB used)
2026-05-10 09:04:14,252 - ---Stats [09:04:14]---
2026-05-10 09:04:14,252 - CPU Usage    : 0.0%
2026-05-10 09:04:14,265 - RAM Usage    : 7.6%  (590 MB used)
2026-05-10 09:04:14,266 - Disk Usage   : 0.2% (2 GB used)
2026-05-10 09:04:19,266 - ---Stats [09:04:19]---
2026-05-10 09:04:19,267 - CPU Usage    : 0.0%
2026-05-10 09:04:19,280 - RAM Usage    : 7.6%  (590 MB used)
2026-05-10 09:04:19,280 - Disk Usage   : 0.2% (2 GB used)
2026-05-10 09:04:24,281 - ---Stats [09:04:24]---
2026-05-10 09:04:24,281 - CPU Usage    : 0.0%
2026-05-10 09:04:24,287 - RAM Usage    : 7.6%  (590 MB used)
2026-05-10 09:04:24,287 - Disk Usage   : 0.2% (2 GB used)
2026-05-10 09:04:29,288 - ---Stats [09:04:29]---
2026-05-10 09:04:29,288 - CPU Usage    : 0.0%
2026-05-10 09:04:29,288 - RAM Usage    : 7.6%  (591 MB used)
2026-05-10 09:04:29,288 - Disk Usage   : 0.2% (2 GB used)
2026-05-10 09:04:34,289 - ---Stats [09:04:34]---
2026-05-10 09:04:34,289 - CPU Usage    : 0.0%
2026-05-10 09:04:34,289 - RAM Usage    : 7.6%  (591 MB used)
2026-05-10 09:04:34,289 - Disk Usage   : 0.2% (2 GB used)
2026-05-10 09:04:39,290 - ---Stats [09:04:39]---
2026-05-10 09:04:39,290 - CPU Usage    : 0.0%
2026-05-10 09:04:39,291 - RAM Usage    : 7.6%  (591 MB used)
2026-05-10 09:04:39,291 - Disk Usage   : 0.2% (2 GB used)
2026-05-10 09:04:44,292 - ---Stats [09:04:44]---
2026-05-10 09:04:44,292 - CPU Usage    : 0.0%
2026-05-10 09:04:44,293 - RAM Usage    : 7.6%  (592 MB used)
2026-05-10 09:04:44,294 - Disk Usage   : 0.2% (2 GB used)
2026-05-10 09:04:49,294 - ---Stats [09:04:49]---
2026-05-10 09:04:49,295 - CPU Usage    : 0.0%
2026-05-10 09:04:49,307 - RAM Usage    : 7.6%  (592 MB used)
2026-05-10 09:04:49,307 - Disk Usage   : 0.2% (2 GB used)
2026-05-10 09:04:54,308 - ---Stats [09:04:54]---
2026-05-10 09:04:54,308 - CPU Usage    : 0.0%
2026-05-10 09:04:54,308 - RAM Usage    : 7.6%  (591 MB used)
2026-05-10 09:04:54,308 - Disk Usage   : 0.2% (2 GB used)
2026-05-10 09:04:59,321 - ---Stats [09:04:59]---
2026-05-10 09:04:59,321 - CPU Usage    : 0.0%
2026-05-10 09:04:59,335 - RAM Usage    : 7.6%  (591 MB used)
2026-05-10 09:04:59,335 - Disk Usage   : 0.2% (2 GB used)
2026-05-10 09:05:04,336 - ---Stats [09:05:04]---
2026-05-10 09:05:04,336 - CPU Usage    : 0.0%
2026-05-10 09:05:04,336 - RAM Usage    : 7.6%  (591 MB used)
2026-05-10 09:05:04,336 - Disk Usage   : 0.2% (2 GB used)
2026-05-10 09:05:09,338 - ---Stats [09:05:09]---
2026-05-10 09:05:09,338 - CPU Usage    : 0.0%
2026-05-10 09:05:09,338 - RAM Usage    : 7.6%  (591 MB used)
2026-05-10 09:05:09,338 - Disk Usage   : 0.2% (2 GB used)
2026-05-10 09:05:14,338 - ---Stats [09:05:14]---
2026-05-10 09:05:14,339 - CPU Usage    : 0.0%
2026-05-10 09:05:14,352 - RAM Usage    : 7.6%  (591 MB used)
2026-05-10 09:05:14,352 - Disk Usage   : 0.2% (2 GB used)
2026-05-10 09:05:19,353 - ---Stats [09:05:19]---
2026-05-10 09:05:19,353 - CPU Usage    : 0.0%
2026-05-10 09:05:19,355 - RAM Usage    : 7.6%  (592 MB used)
2026-05-10 09:05:19,355 - Disk Usage   : 0.2% (2 GB used)
2026-05-10 09:05:24,356 - ---Stats [09:05:24]---
2026-05-10 09:05:24,356 - CPU Usage    : 0.0%
2026-05-10 09:05:24,356 - RAM Usage    : 7.6%  (591 MB used)
2026-05-10 09:05:24,370 - Disk Usage   : 0.2% (2 GB used)
2026-05-10 09:05:29,371 - ---Stats [09:05:29]---
2026-05-10 09:05:29,371 - CPU Usage    : 0.0%
2026-05-10 09:05:29,384 - RAM Usage    : 7.6%  (591 MB used)
2026-05-10 09:05:29,384 - Disk Usage   : 0.2% (2 GB used)
2026-05-10 09:05:34,385 - ---Stats [09:05:34]---
2026-05-10 09:05:34,385 - CPU Usage    : 0.1%
2026-05-10 09:05:34,385 - RAM Usage    : 7.6%  (592 MB used)
2026-05-10 09:05:34,385 - Disk Usage   : 0.2% (2 GB used)
2026-05-10 09:05:39,386 - ---Stats [09:05:39]---
2026-05-10 09:05:39,386 - CPU Usage    : 0.0%
2026-05-10 09:05:39,400 - RAM Usage    : 7.6%  (591 MB used)
2026-05-10 09:05:39,400 - Disk Usage   : 0.2% (2 GB used)
2026-05-10 09:05:44,401 - ---Stats [09:05:44]---
2026-05-10 09:05:44,401 - CPU Usage    : 0.0%
2026-05-10 09:05:44,414 - RAM Usage    : 7.6%  (591 MB used)
2026-05-10 09:05:44,414 - Disk Usage   : 0.2% (2 GB used)
2026-05-10 09:05:49,415 - ---Stats [09:05:49]---
2026-05-10 09:05:49,416 - CPU Usage    : 0.0%
2026-05-10 09:05:49,429 - RAM Usage    : 7.6%  (591 MB used)
2026-05-10 09:05:49,429 - Disk Usage   : 0.2% (2 GB used)
2026-05-10 09:05:54,430 - ---Stats [09:05:54]---
2026-05-10 09:05:54,430 - CPU Usage    : 0.0%
2026-05-10 09:05:54,443 - RAM Usage    : 7.6%  (591 MB used)
2026-05-10 09:05:54,444 - Disk Usage   : 0.2% (2 GB used)
2026-05-10 09:05:59,446 - ---Stats [09:05:59]---
2026-05-10 09:05:59,446 - CPU Usage    : 0.1%
2026-05-10 09:05:59,446 - RAM Usage    : 7.6%  (591 MB used)
2026-05-10 09:05:59,446 - Disk Usage   : 0.2% (2 GB used)
2026-05-10 09:06:04,447 - ---Stats [09:06:04]---
2026-05-10 09:06:04,447 - CPU Usage    : 0.0%
2026-05-10 09:06:04,447 - RAM Usage    : 7.6%  (590 MB used)
2026-05-10 09:06:04,447 - Disk Usage   : 0.2% (2 GB used)
2026-05-10 09:06:09,448 - ---Stats [09:06:09]---
2026-05-10 09:06:09,448 - CPU Usage    : 0.0%
2026-05-10 09:06:09,448 - RAM Usage    : 7.6%  (590 MB used)
2026-05-10 09:06:09,448 - Disk Usage   : 0.2% (2 GB used)
2026-05-10 09:06:14,449 - ---Stats [09:06:14]---
2026-05-10 09:06:14,449 - CPU Usage    : 0.0%
2026-05-10 09:06:14,449 - RAM Usage    : 7.6%  (590 MB used)
2026-05-10 09:06:14,449 - Disk Usage   : 0.2% (2 GB used)
2026-05-10 09:06:19,450 - ---Stats [09:06:19]---
2026-05-10 09:06:19,450 - CPU Usage    : 0.1%
2026-05-10 09:06:19,450 - RAM Usage    : 7.6%  (591 MB used)
2026-05-10 09:06:19,450 - Disk Usage   : 0.2% (2 GB used)
2026-05-10 09:06:24,451 - ---Stats [09:06:24]---
2026-05-10 09:06:24,451 - CPU Usage    : 0.1%
2026-05-10 09:06:24,451 - RAM Usage    : 7.6%  (591 MB used)
2026-05-10 09:06:24,451 - Disk Usage   : 0.2% (2 GB used)
2026-05-10 09:06:29,452 - ---Stats [09:06:29]---
2026-05-10 09:06:29,452 - CPU Usage    : 0.0%
2026-05-10 09:06:29,453 - RAM Usage    : 7.6%  (591 MB used)
2026-05-10 09:06:29,453 - Disk Usage   : 0.2% (2 GB used)
2026-05-10 09:06:34,453 - ---Stats [09:06:34]---
2026-05-10 09:06:34,454 - CPU Usage    : 0.0%
2026-05-10 09:06:34,454 - RAM Usage    : 7.6%  (590 MB used)
2026-05-10 09:06:34,454 - Disk Usage   : 0.2% (2 GB used)
2026-05-10 09:06:39,454 - ---Stats [09:06:39]---
2026-05-10 09:06:39,455 - CPU Usage    : 0.0%
2026-05-10 09:06:39,455 - RAM Usage    : 7.6%  (588 MB used)
2026-05-10 09:06:39,455 - Disk Usage   : 0.2% (2 GB used)
2026-05-10 09:06:44,455 - ---Stats [09:06:44]---
2026-05-10 09:06:44,455 - CPU Usage    : 0.0%
2026-05-10 09:06:44,455 - RAM Usage    : 7.6%  (588 MB used)
2026-05-10 09:06:44,455 - Disk Usage   : 0.2% (2 GB used)
2026-05-10 09:06:49,456 - ---Stats [09:06:49]---
2026-05-10 09:06:49,457 - CPU Usage    : 0.1%
2026-05-10 09:06:49,458 - RAM Usage    : 7.6%  (588 MB used)
2026-05-10 09:06:49,459 - Disk Usage   : 0.2% (2 GB used)
2026-05-10 09:06:54,459 - ---Stats [09:06:54]---
2026-05-10 09:06:54,460 - CPU Usage    : 0.0%
2026-05-10 09:06:54,460 - RAM Usage    : 7.6%  (588 MB used)
2026-05-10 09:06:54,460 - Disk Usage   : 0.2% (2 GB used)
2026-05-10 09:06:59,462 - ---Stats [09:06:59]---
2026-05-10 09:06:59,462 - CPU Usage    : 0.1%
2026-05-10 09:06:59,477 - RAM Usage    : 7.5%  (585 MB used)
2026-05-10 09:06:59,477 - Disk Usage   : 0.2% (2 GB used)
2026-05-10 09:07:04,478 - ---Stats [09:07:04]---
2026-05-10 09:07:04,478 - CPU Usage    : 0.0%
2026-05-10 09:07:04,491 - RAM Usage    : 7.5%  (585 MB used)
2026-05-10 09:07:04,491 - Disk Usage   : 0.2% (2 GB used)
2026-05-10 09:07:09,493 - ---Stats [09:07:09]---
2026-05-10 09:07:09,493 - CPU Usage    : 0.0%
2026-05-10 09:07:09,493 - RAM Usage    : 7.5%  (585 MB used)
2026-05-10 09:07:09,493 - Disk Usage   : 0.2% (2 GB used)
2026-05-10 09:07:14,494 - ---Stats [09:07:14]---
2026-05-10 09:07:14,494 - CPU Usage    : 0.0%
2026-05-10 09:07:14,495 - RAM Usage    : 7.5%  (585 MB used)
2026-05-10 09:07:14,495 - Disk Usage   : 0.2% (2 GB used)
2026-05-10 09:07:19,495 - ---Stats [09:07:19]---
2026-05-10 09:07:19,496 - CPU Usage    : 0.0%
2026-05-10 09:07:19,510 - RAM Usage    : 7.6%  (587 MB used)
2026-05-10 09:07:19,510 - Disk Usage   : 0.2% (2 GB used)
2026-05-10 09:07:24,511 - ---Stats [09:07:24]---
2026-05-10 09:07:24,511 - CPU Usage    : 0.0%
2026-05-10 09:07:24,525 - RAM Usage    : 7.6%  (587 MB used)
2026-05-10 09:07:24,525 - Disk Usage   : 0.2% (2 GB used)
2026-05-10 09:07:29,526 - ---Stats [09:07:29]---
2026-05-10 09:07:29,526 - CPU Usage    : 0.0%
2026-05-10 09:07:29,526 - RAM Usage    : 7.6%  (587 MB used)
2026-05-10 09:07:29,526 - Disk Usage   : 0.2% (2 GB used)
2026-05-10 09:07:34,527 - ---Stats [09:07:34]---
2026-05-10 09:07:34,527 - CPU Usage    : 0.1%
2026-05-10 09:07:34,527 - RAM Usage    : 7.6%  (588 MB used)
2026-05-10 09:07:34,527 - Disk Usage   : 0.2% (2 GB used)
2026-05-10 09:07:39,529 - ---Stats [09:07:39]---
2026-05-10 09:07:39,529 - CPU Usage    : 0.0%
2026-05-10 09:07:39,529 - RAM Usage    : 7.6%  (588 MB used)
2026-05-10 09:07:39,529 - Disk Usage   : 0.2% (2 GB used)
2026-05-10 09:07:44,531 - ---Stats [09:07:44]---
2026-05-10 09:07:44,531 - CPU Usage    : 0.0%
2026-05-10 09:07:44,531 - RAM Usage    : 7.6%  (588 MB used)
2026-05-10 09:07:44,531 - Disk Usage   : 0.2% (2 GB used)
2026-05-10 09:07:49,532 - ---Stats [09:07:49]---
2026-05-10 09:07:49,532 - CPU Usage    : 0.0%
2026-05-10 09:07:49,532 - RAM Usage    : 7.6%  (588 MB used)
2026-05-10 09:07:49,532 - Disk Usage   : 0.2% (2 GB used)
2026-05-10 09:07:54,534 - ---Stats [09:07:54]---
2026-05-10 09:07:54,534 - CPU Usage    : 0.0%
2026-05-10 09:07:54,535 - RAM Usage    : 7.6%  (588 MB used)
2026-05-10 09:07:54,535 - Disk Usage   : 0.2% (2 GB used)
2026-05-10 09:07:59,535 - ---Stats [09:07:59]---
2026-05-10 09:07:59,535 - CPU Usage    : 0.1%
2026-05-10 09:07:59,535 - RAM Usage    : 7.6%  (588 MB used)
2026-05-10 09:07:59,535 - Disk Usage   : 0.2% (2 GB used)
2026-05-10 09:08:04,537 - ---Stats [09:08:04]---
2026-05-10 09:08:04,537 - CPU Usage    : 0.0%
2026-05-10 09:08:04,537 - RAM Usage    : 7.6%  (588 MB used)
2026-05-10 09:08:04,537 - Disk Usage   : 0.2% (2 GB used)
2026-05-10 09:08:09,538 - ---Stats [09:08:09]---
2026-05-10 09:08:09,539 - CPU Usage    : 0.0%
2026-05-10 09:08:09,539 - RAM Usage    : 7.6%  (588 MB used)
2026-05-10 09:08:09,539 - Disk Usage   : 0.2% (2 GB used)
2026-05-10 09:08:14,540 - ---Stats [09:08:14]---
2026-05-10 09:08:14,540 - CPU Usage    : 0.0%
2026-05-10 09:08:14,540 - RAM Usage    : 7.6%  (588 MB used)
2026-05-10 09:08:14,540 - Disk Usage   : 0.2% (2 GB used)
2026-05-10 09:08:19,542 - ---Stats [09:08:19]---
2026-05-10 09:08:19,542 - CPU Usage    : 0.0%
2026-05-10 09:08:19,542 - RAM Usage    : 7.6%  (586 MB used)
2026-05-10 09:08:19,555 - Disk Usage   : 0.2% (2 GB used)
2026-05-10 09:08:24,557 - ---Stats [09:08:24]---
2026-05-10 09:08:24,557 - CPU Usage    : 0.0%
2026-05-10 09:08:24,558 - RAM Usage    : 7.6%  (586 MB used)
2026-05-10 09:08:24,558 - Disk Usage   : 0.2% (2 GB used)
2026-05-10 09:08:29,558 - ---Stats [09:08:29]---
2026-05-10 09:08:29,558 - CPU Usage    : 0.0%
2026-05-10 09:08:29,558 - RAM Usage    : 7.6%  (586 MB used)
2026-05-10 09:08:29,558 - Disk Usage   : 0.2% (2 GB used)
2026-05-10 09:08:34,559 - ---Stats [09:08:34]---
2026-05-10 09:08:34,559 - CPU Usage    : 0.1%
2026-05-10 09:08:34,573 - RAM Usage    : 7.6%  (587 MB used)
2026-05-10 09:08:34,573 - Disk Usage   : 0.2% (2 GB used)
2026-05-10 09:08:39,575 - ---Stats [09:08:39]---
2026-05-10 09:08:39,575 - CPU Usage    : 0.0%
2026-05-10 09:08:39,589 - RAM Usage    : 7.5%  (584 MB used)
2026-05-10 09:08:39,589 - Disk Usage   : 0.2% (2 GB used)
2026-05-10 09:08:44,590 - ---Stats [09:08:44]---
2026-05-10 09:08:44,590 - CPU Usage    : 0.1%
2026-05-10 09:08:44,590 - RAM Usage    : 7.5%  (585 MB used)
2026-05-10 09:08:44,590 - Disk Usage   : 0.2% (2 GB used)
2026-05-10 09:08:49,591 - ---Stats [09:08:49]---
2026-05-10 09:08:49,592 - CPU Usage    : 0.3%
2026-05-10 09:08:49,592 - RAM Usage    : 7.5%  (585 MB used)
2026-05-10 09:08:49,607 - Disk Usage   : 0.2% (2 GB used)
2026-05-10 09:08:54,607 - ---Stats [09:08:54]---
2026-05-10 09:08:54,608 - CPU Usage    : 0.1%
2026-05-10 09:08:54,608 - RAM Usage    : 7.5%  (585 MB used)
2026-05-10 09:08:54,608 - Disk Usage   : 0.2% (2 GB used)
2026-05-10 09:08:59,609 - ---Stats [09:08:59]---
2026-05-10 09:08:59,609 - CPU Usage    : 0.0%
2026-05-10 09:08:59,609 - RAM Usage    : 7.5%  (585 MB used)
2026-05-10 09:08:59,609 - Disk Usage   : 0.2% (2 GB used)
2026-05-10 09:09:04,610 - ---Stats [09:09:04]---
2026-05-10 09:09:04,610 - CPU Usage    : 0.0%
2026-05-10 09:09:04,610 - RAM Usage    : 7.5%  (585 MB used)
2026-05-10 09:09:04,623 - Disk Usage   : 0.2% (2 GB used)
2026-05-10 09:09:09,624 - ---Stats [09:09:09]---
2026-05-10 09:09:09,624 - CPU Usage    : 0.0%
2026-05-10 09:09:09,637 - RAM Usage    : 7.5%  (585 MB used)
2026-05-10 09:09:09,638 - Disk Usage   : 0.2% (2 GB used)
2026-05-10 09:09:14,638 - ---Stats [09:09:14]---
2026-05-10 09:09:14,638 - CPU Usage    : 0.0%
2026-05-10 09:09:14,639 - RAM Usage    : 7.5%  (585 MB used)
2026-05-10 09:09:14,639 - Disk Usage   : 0.2% (2 GB used)
2026-05-10 09:09:19,640 - ---Stats [09:09:19]---
2026-05-10 09:09:19,640 - CPU Usage    : 0.0%
2026-05-10 09:09:19,653 - RAM Usage    : 7.6%  (586 MB used)
2026-05-10 09:09:19,653 - Disk Usage   : 0.2% (2 GB used)
2026-05-10 09:09:24,654 - ---Stats [09:09:24]---
2026-05-10 09:09:24,654 - CPU Usage    : 0.0%
2026-05-10 09:09:24,667 - RAM Usage    : 7.6%  (586 MB used)
2026-05-10 09:09:24,667 - Disk Usage   : 0.2% (2 GB used)
2026-05-10 09:09:29,668 - ---Stats [09:09:29]---
2026-05-10 09:09:29,668 - CPU Usage    : 0.0%
2026-05-10 09:09:29,668 - RAM Usage    : 7.6%  (586 MB used)
2026-05-10 09:09:29,668 - Disk Usage   : 0.2% (2 GB used)
2026-05-10 09:09:34,669 - ---Stats [09:09:34]---
2026-05-10 09:09:34,669 - CPU Usage    : 0.0%
2026-05-10 09:09:34,669 - RAM Usage    : 7.6%  (587 MB used)
2026-05-10 09:09:34,669 - Disk Usage   : 0.2% (2 GB used)
2026-05-10 09:09:39,670 - ---Stats [09:09:39]---
2026-05-10 09:09:39,671 - CPU Usage    : 0.0%
2026-05-10 09:09:39,685 - RAM Usage    : 7.6%  (587 MB used)
2026-05-10 09:09:39,685 - Disk Usage   : 0.2% (2 GB used)
2026-05-10 09:09:44,686 - ---Stats [09:09:44]---
2026-05-10 09:09:44,686 - CPU Usage    : 0.0%
2026-05-10 09:09:44,686 - RAM Usage    : 7.6%  (587 MB used)
2026-05-10 09:09:44,686 - Disk Usage   : 0.2% (2 GB used)
2026-05-10 09:09:49,695 - ---Stats [09:09:49]---
2026-05-10 09:09:49,696 - CPU Usage    : 0.0%
2026-05-10 09:09:49,696 - RAM Usage    : 7.6%  (587 MB used)
2026-05-10 09:09:49,697 - Disk Usage   : 0.2% (2 GB used)
2026-05-10 09:09:54,698 - ---Stats [09:09:54]---
2026-05-10 09:09:54,698 - CPU Usage    : 0.1%
2026-05-10 09:09:54,698 - RAM Usage    : 7.6%  (587 MB used)
2026-05-10 09:09:54,698 - Disk Usage   : 0.2% (2 GB used)
2026-05-10 09:09:59,699 - ---Stats [09:09:59]---
2026-05-10 09:09:59,699 - CPU Usage    : 0.0%
2026-05-10 09:09:59,712 - RAM Usage    : 7.6%  (587 MB used)
2026-05-10 09:09:59,713 - Disk Usage   : 0.2% (2 GB used)
2026-05-10 09:10:04,714 - ---Stats [09:10:04]---
2026-05-10 09:10:04,714 - CPU Usage    : 0.0%
2026-05-10 09:10:04,714 - RAM Usage    : 7.6%  (587 MB used)
2026-05-10 09:10:04,714 - Disk Usage   : 0.2% (2 GB used)
2026-05-10 09:10:09,715 - ---Stats [09:10:09]---
2026-05-10 09:10:09,715 - CPU Usage    : 0.0%
2026-05-10 09:10:09,716 - RAM Usage    : 7.6%  (587 MB used)
2026-05-10 09:10:09,716 - Disk Usage   : 0.2% (2 GB used)
2026-05-10 09:10:14,717 - ---Stats [09:10:14]---
2026-05-10 09:10:14,717 - CPU Usage    : 0.0%
2026-05-10 09:10:14,717 - RAM Usage    : 7.6%  (587 MB used)
2026-05-10 09:10:14,717 - Disk Usage   : 0.2% (2 GB used)
2026-05-10 09:10:19,718 - ---Stats [09:10:19]---
2026-05-10 09:10:19,718 - CPU Usage    : 0.1%
2026-05-10 09:10:19,718 - RAM Usage    : 7.6%  (587 MB used)
2026-05-10 09:10:19,718 - Disk Usage   : 0.2% (2 GB used)
2026-05-10 09:10:24,719 - ---Stats [09:10:24]---
2026-05-10 09:10:24,719 - CPU Usage    : 0.0%
2026-05-10 09:10:24,719 - RAM Usage    : 7.6%  (587 MB used)
2026-05-10 09:10:24,719 - Disk Usage   : 0.2% (2 GB used)
2026-05-10 09:10:29,720 - ---Stats [09:10:29]---
2026-05-10 09:10:29,720 - CPU Usage    : 0.0%
2026-05-10 09:10:29,733 - RAM Usage    : 7.6%  (587 MB used)
2026-05-10 09:10:29,733 - Disk Usage   : 0.2% (2 GB used)
2026-05-10 09:10:34,734 - ---Stats [09:10:34]---
2026-05-10 09:10:34,734 - CPU Usage    : 0.0%
2026-05-10 09:10:34,737 - RAM Usage    : 7.6%  (588 MB used)
2026-05-10 09:10:34,737 - Disk Usage   : 0.2% (2 GB used)
2026-05-10 09:10:39,737 - ---Stats [09:10:39]---
2026-05-10 09:10:39,738 - CPU Usage    : 0.0%
2026-05-10 09:10:39,738 - RAM Usage    : 7.5%  (585 MB used)
2026-05-10 09:10:39,738 - Disk Usage   : 0.2% (2 GB used)
2026-05-10 09:10:44,739 - ---Stats [09:10:44]---
2026-05-10 09:10:44,739 - CPU Usage    : 0.0%
2026-05-10 09:10:44,740 - RAM Usage    : 7.5%  (585 MB used)
2026-05-10 09:10:44,754 - Disk Usage   : 0.2% (2 GB used)
2026-05-10 09:10:49,755 - ---Stats [09:10:49]---
2026-05-10 09:10:49,755 - CPU Usage    : 0.0%
2026-05-10 09:10:49,755 - RAM Usage    : 7.6%  (586 MB used)
2026-05-10 09:10:49,755 - Disk Usage   : 0.2% (2 GB used)
2026-05-10 09:10:54,756 - ---Stats [09:10:54]---
2026-05-10 09:10:54,756 - CPU Usage    : 0.0%
2026-05-10 09:10:54,756 - RAM Usage    : 7.6%  (586 MB used)
2026-05-10 09:10:54,756 - Disk Usage   : 0.2% (2 GB used)
2026-05-10 09:10:59,757 - ---Stats [09:10:59]---
2026-05-10 09:10:59,758 - CPU Usage    : 0.0%
2026-05-10 09:10:59,758 - RAM Usage    : 7.6%  (586 MB used)
2026-05-10 09:10:59,758 - Disk Usage   : 0.2% (2 GB used)
2026-05-10 09:11:04,759 - ---Stats [09:11:04]---
2026-05-10 09:11:04,760 - CPU Usage    : 0.1%
2026-05-10 09:11:04,773 - RAM Usage    : 7.6%  (587 MB used)
2026-05-10 09:11:04,773 - Disk Usage   : 0.2% (2 GB used)
2026-05-10 09:11:09,775 - ---Stats [09:11:09]---
2026-05-10 09:11:09,776 - CPU Usage    : 0.0%
2026-05-10 09:11:09,776 - RAM Usage    : 7.6%  (587 MB used)
2026-05-10 09:11:09,776 - Disk Usage   : 0.2% (2 GB used)
2026-05-10 09:11:14,778 - ---Stats [09:11:14]---
2026-05-10 09:11:14,779 - CPU Usage    : 0.0%
2026-05-10 09:11:14,793 - RAM Usage    : 7.6%  (587 MB used)
2026-05-10 09:11:14,793 - Disk Usage   : 0.2% (2 GB used)
2026-05-10 09:11:19,795 - ---Stats [09:11:19]---
2026-05-10 09:11:19,796 - CPU Usage    : 0.1%
2026-05-10 09:11:19,810 - RAM Usage    : 7.6%  (587 MB used)
2026-05-10 09:11:19,810 - Disk Usage   : 0.2% (2 GB used)
2026-05-10 09:11:24,812 - ---Stats [09:11:24]---
2026-05-10 09:11:24,812 - CPU Usage    : 0.0%
2026-05-10 09:11:24,812 - RAM Usage    : 7.6%  (587 MB used)
2026-05-10 09:11:24,812 - Disk Usage   : 0.2% (2 GB used)
2026-05-10 09:11:29,814 - ---Stats [09:11:29]---
2026-05-10 09:11:29,815 - CPU Usage    : 0.0%
2026-05-10 09:11:29,815 - RAM Usage    : 7.6%  (587 MB used)
2026-05-10 09:11:29,815 - Disk Usage   : 0.2% (2 GB used)
2026-05-10 09:11:34,815 - ---Stats [09:11:34]---
2026-05-10 09:11:34,816 - CPU Usage    : 0.0%
2026-05-10 09:11:34,816 - RAM Usage    : 7.6%  (587 MB used)
2026-05-10 09:11:34,816 - Disk Usage   : 0.2% (2 GB used)
2026-05-10 09:11:39,817 - ---Stats [09:11:39]---
2026-05-10 09:11:39,817 - CPU Usage    : 0.0%
2026-05-10 09:11:39,817 - RAM Usage    : 7.6%  (587 MB used)
2026-05-10 09:11:39,818 - Disk Usage   : 0.2% (2 GB used)
2026-05-10 09:11:44,819 - ---Stats [09:11:44]---
2026-05-10 09:11:44,820 - CPU Usage    : 0.0%
2026-05-10 09:11:44,834 - RAM Usage    : 7.6%  (587 MB used)
2026-05-10 09:11:44,834 - Disk Usage   : 0.2% (2 GB used)
2026-05-10 09:11:49,836 - ---Stats [09:11:49]---
2026-05-10 09:11:49,836 - CPU Usage    : 0.0%
2026-05-10 09:11:49,836 - RAM Usage    : 7.6%  (587 MB used)
2026-05-10 09:11:49,836 - Disk Usage   : 0.2% (2 GB used)
2026-05-10 09:11:54,837 - ---Stats [09:11:54]---
2026-05-10 09:11:54,837 - CPU Usage    : 0.0%
2026-05-10 09:11:54,838 - RAM Usage    : 7.6%  (587 MB used)
2026-05-10 09:11:54,838 - Disk Usage   : 0.2% (2 GB used)
2026-05-10 09:11:59,840 - ---Stats [09:11:59]---
2026-05-10 09:11:59,840 - CPU Usage    : 0.0%
2026-05-10 09:11:59,840 - RAM Usage    : 7.6%  (587 MB used)
2026-05-10 09:11:59,840 - Disk Usage   : 0.2% (2 GB used)
2026-05-10 09:12:04,841 - ---Stats [09:12:04]---
2026-05-10 09:12:04,841 - CPU Usage    : 0.0%
2026-05-10 09:12:04,841 - RAM Usage    : 7.6%  (587 MB used)
2026-05-10 09:12:04,841 - Disk Usage   : 0.2% (2 GB used)
2026-05-10 09:12:09,842 - ---Stats [09:12:09]---
2026-05-10 09:12:09,842 - CPU Usage    : 0.0%
2026-05-10 09:12:09,844 - RAM Usage    : 7.6%  (587 MB used)
2026-05-10 09:12:09,844 - Disk Usage   : 0.2% (2 GB used)
2026-05-10 09:12:14,846 - ---Stats [09:12:14]---
2026-05-10 09:12:14,846 - CPU Usage    : 0.0%
2026-05-10 09:12:14,880 - RAM Usage    : 7.6%  (587 MB used)
2026-05-10 09:12:14,880 - Disk Usage   : 0.2% (2 GB used)
2026-05-10 09:12:19,882 - ---Stats [09:12:19]---
2026-05-10 09:12:19,882 - CPU Usage    : 0.1%
2026-05-10 09:12:19,896 - RAM Usage    : 7.6%  (587 MB used)
2026-05-10 09:12:19,896 - Disk Usage   : 0.2% (2 GB used)
2026-05-10 09:12:24,898 - ---Stats [09:12:24]---
2026-05-10 09:12:24,898 - CPU Usage    : 0.1%
2026-05-10 09:12:24,900 - RAM Usage    : 7.6%  (588 MB used)
2026-05-10 09:12:24,901 - Disk Usage   : 0.2% (2 GB used)
2026-05-10 09:12:29,902 - ---Stats [09:12:29]---
2026-05-10 09:12:29,903 - CPU Usage    : 0.0%
2026-05-10 09:12:29,903 - RAM Usage    : 7.6%  (588 MB used)
2026-05-10 09:12:29,903 - Disk Usage   : 0.2% (2 GB used)
2026-05-10 09:12:34,905 - ---Stats [09:12:34]---
2026-05-10 09:12:34,906 - CPU Usage    : -0.0%
2026-05-10 09:12:34,906 - RAM Usage    : 7.6%  (588 MB used)
2026-05-10 09:12:34,906 - Disk Usage   : 0.2% (2 GB used)
2026-05-10 09:12:39,908 - ---Stats [09:12:39]---
2026-05-10 09:12:39,908 - CPU Usage    : 0.1%
2026-05-10 09:12:39,908 - RAM Usage    : 7.6%  (586 MB used)
2026-05-10 09:12:39,908 - Disk Usage   : 0.2% (2 GB used)
2026-05-10 09:12:44,910 - ---Stats [09:12:44]---
2026-05-10 09:12:44,910 - CPU Usage    : 0.0%
2026-05-10 09:12:44,910 - RAM Usage    : 7.6%  (586 MB used)
2026-05-10 09:12:44,910 - Disk Usage   : 0.2% (2 GB used)
2026-05-10 09:12:49,912 - ---Stats [09:12:49]---
2026-05-10 09:12:49,913 - CPU Usage    : 0.0%
2026-05-10 09:12:49,926 - RAM Usage    : 7.6%  (586 MB used)
2026-05-10 09:12:49,926 - Disk Usage   : 0.2% (2 GB used)
2026-05-10 09:12:54,926 - ---Stats [09:12:54]---
2026-05-10 09:12:54,926 - CPU Usage    : 0.0%
2026-05-10 09:12:54,927 - RAM Usage    : 7.6%  (586 MB used)
2026-05-10 09:12:54,927 - Disk Usage   : 0.2% (2 GB used)
2026-05-10 09:12:59,928 - ---Stats [09:12:59]---
2026-05-10 09:12:59,928 - CPU Usage    : 0.0%
2026-05-10 09:12:59,929 - RAM Usage    : 7.6%  (587 MB used)
2026-05-10 09:12:59,929 - Disk Usage   : 0.2% (2 GB used)
2026-05-10 09:13:04,929 - ---Stats [09:13:04]---
2026-05-10 09:13:04,930 - CPU Usage    : 0.0%
2026-05-10 09:13:04,942 - RAM Usage    : 7.6%  (587 MB used)
2026-05-10 09:13:04,942 - Disk Usage   : 0.2% (2 GB used)
2026-05-10 09:13:09,943 - ---Stats [09:13:09]---
2026-05-10 09:13:09,944 - CPU Usage    : 0.1%
2026-05-10 09:13:09,944 - RAM Usage    : 7.6%  (587 MB used)
2026-05-10 09:13:09,944 - Disk Usage   : 0.2% (2 GB used)
2026-05-10 09:13:14,947 - ---Stats [09:13:14]---
2026-05-10 09:13:14,947 - CPU Usage    : 0.0%
2026-05-10 09:13:14,947 - RAM Usage    : 7.6%  (587 MB used)
2026-05-10 09:13:14,947 - Disk Usage   : 0.2% (2 GB used)
2026-05-10 09:13:19,948 - ---Stats [09:13:19]---
2026-05-10 09:13:19,948 - CPU Usage    : 0.1%
2026-05-10 09:13:19,955 - RAM Usage    : 7.6%  (587 MB used)
2026-05-10 09:13:19,956 - Disk Usage   : 0.2% (2 GB used)
2026-05-10 09:13:24,958 - ---Stats [09:13:24]---
2026-05-10 09:13:24,958 - CPU Usage    : 0.1%
2026-05-10 09:13:24,971 - RAM Usage    : 7.6%  (587 MB used)
2026-05-10 09:13:24,971 - Disk Usage   : 0.2% (2 GB used)
2026-05-10 09:13:29,972 - ---Stats [09:13:29]---
2026-05-10 09:13:29,972 - CPU Usage    : 0.0%
2026-05-10 09:13:29,972 - RAM Usage    : 7.6%  (587 MB used)
2026-05-10 09:13:29,972 - Disk Usage   : 0.2% (2 GB used)
2026-05-10 09:13:34,974 - ---Stats [09:13:34]---
2026-05-10 09:13:34,974 - CPU Usage    : 0.0%
2026-05-10 09:13:34,987 - RAM Usage    : 7.6%  (588 MB used)
2026-05-10 09:13:34,988 - Disk Usage   : 0.2% (2 GB used)
2026-05-10 09:13:39,989 - ---Stats [09:13:39]---
2026-05-10 09:13:39,989 - CPU Usage    : 0.1%
2026-05-10 09:13:40,002 - RAM Usage    : 7.6%  (588 MB used)
2026-05-10 09:13:40,002 - Disk Usage   : 0.2% (2 GB used)
2026-05-10 09:13:45,003 - ---Stats [09:13:45]---
2026-05-10 09:13:45,003 - CPU Usage    : 0.0%
2026-05-10 09:13:45,016 - RAM Usage    : 7.6%  (588 MB used)
2026-05-10 09:13:45,016 - Disk Usage   : 0.2% (2 GB used)
2026-05-10 09:13:50,018 - ---Stats [09:13:50]---
2026-05-10 09:13:50,018 - CPU Usage    : 0.0%
2026-05-10 09:13:50,031 - RAM Usage    : 7.6%  (588 MB used)
2026-05-10 09:13:50,031 - Disk Usage   : 0.2% (2 GB used)
2026-05-10 09:13:55,032 - ---Stats [09:13:55]---
2026-05-10 09:13:55,032 - CPU Usage    : 0.0%
2026-05-10 09:13:55,032 - RAM Usage    : 7.6%  (588 MB used)
2026-05-10 09:13:55,032 - Disk Usage   : 0.2% (2 GB used)
2026-05-10 09:14:00,033 - ---Stats [09:14:00]---
2026-05-10 09:14:00,033 - CPU Usage    : 0.0%
2026-05-10 09:14:00,033 - RAM Usage    : 7.6%  (588 MB used)
2026-05-10 09:14:00,033 - Disk Usage   : 0.2% (2 GB used)
2026-05-10 09:14:05,034 - ---Stats [09:14:05]---
2026-05-10 09:14:05,034 - CPU Usage    : 0.0%
2026-05-10 09:14:05,034 - RAM Usage    : 7.6%  (588 MB used)
2026-05-10 09:14:05,034 - Disk Usage   : 0.2% (2 GB used)
2026-05-10 09:14:10,035 - ---Stats [09:14:10]---
2026-05-10 09:14:10,035 - CPU Usage    : 0.0%
2026-05-10 09:14:10,035 - RAM Usage    : 7.6%  (588 MB used)
2026-05-10 09:14:10,035 - Disk Usage   : 0.2% (2 GB used)
2026-05-10 09:14:15,036 - ---Stats [09:14:15]---
2026-05-10 09:14:15,037 - CPU Usage    : 0.0%
2026-05-10 09:14:15,037 - RAM Usage    : 7.6%  (588 MB used)
2026-05-10 09:14:15,037 - Disk Usage   : 0.2% (2 GB used)
2026-05-10 09:14:20,037 - ---Stats [09:14:20]---
2026-05-10 09:14:20,037 - CPU Usage    : 0.1%
2026-05-10 09:14:20,037 - RAM Usage    : 7.6%  (588 MB used)
2026-05-10 09:14:20,037 - Disk Usage   : 0.2% (2 GB used)
2026-05-10 09:14:25,038 - ---Stats [09:14:25]---
2026-05-10 09:14:25,039 - CPU Usage    : 0.1%
2026-05-10 09:14:25,039 - RAM Usage    : 7.6%  (588 MB used)
2026-05-10 09:14:25,039 - Disk Usage   : 0.2% (2 GB used)
2026-05-10 09:14:30,040 - ---Stats [09:14:30]---
2026-05-10 09:14:30,040 - CPU Usage    : 0.0%
2026-05-10 09:14:30,041 - RAM Usage    : 7.6%  (588 MB used)
2026-05-10 09:14:30,041 - Disk Usage   : 0.2% (2 GB used)
2026-05-10 09:14:35,042 - ---Stats [09:14:35]---
2026-05-10 09:14:35,043 - CPU Usage    : 0.1%
2026-05-10 09:14:35,043 - RAM Usage    : 7.6%  (588 MB used)
2026-05-10 09:14:35,043 - Disk Usage   : 0.2% (2 GB used)
2026-05-10 09:14:40,046 - ---Stats [09:14:40]---
2026-05-10 09:14:40,046 - CPU Usage    : 0.0%
2026-05-10 09:14:40,046 - RAM Usage    : 7.6%  (588 MB used)
2026-05-10 09:14:40,046 - Disk Usage   : 0.2% (2 GB used)
2026-05-10 09:14:45,048 - ---Stats [09:14:45]---
2026-05-10 09:14:45,048 - CPU Usage    : 0.1%
2026-05-10 09:14:45,048 - RAM Usage    : 7.6%  (588 MB used)
2026-05-10 09:14:45,048 - Disk Usage   : 0.2% (2 GB used)
2026-05-10 09:14:50,049 - ---Stats [09:14:50]---
2026-05-10 09:14:50,050 - CPU Usage    : 0.0%
2026-05-10 09:14:50,063 - RAM Usage    : 7.6%  (588 MB used)
2026-05-10 09:14:50,065 - Disk Usage   : 0.2% (2 GB used)
2026-05-10 09:14:55,066 - ---Stats [09:14:55]---
2026-05-10 09:14:55,067 - CPU Usage    : 0.0%
2026-05-10 09:14:55,081 - RAM Usage    : 7.6%  (588 MB used)
2026-05-10 09:14:55,081 - Disk Usage   : 0.2% (2 GB used)
2026-05-10 09:15:00,082 - ---Stats [09:15:00]---
2026-05-10 09:15:00,082 - CPU Usage    : 0.0%
2026-05-10 09:15:00,082 - RAM Usage    : 7.6%  (588 MB used)
2026-05-10 09:15:00,082 - Disk Usage   : 0.2% (2 GB used)
2026-05-10 09:15:05,083 - ---Stats [09:15:05]---
2026-05-10 09:15:05,083 - CPU Usage    : 0.0%
2026-05-10 09:15:05,097 - RAM Usage    : 7.6%  (588 MB used)
2026-05-10 09:15:05,098 - Disk Usage   : 0.2% (2 GB used)
2026-05-10 09:15:10,099 - ---Stats [09:15:10]---
2026-05-10 09:15:10,100 - CPU Usage    : 0.1%
2026-05-10 09:15:10,112 - RAM Usage    : 7.6%  (588 MB used)
2026-05-10 09:15:10,112 - Disk Usage   : 0.2% (2 GB used)
2026-05-10 09:15:15,114 - ---Stats [09:15:15]---
2026-05-10 09:15:15,114 - CPU Usage    : 0.0%
2026-05-10 09:15:15,128 - RAM Usage    : 7.6%  (588 MB used)
2026-05-10 09:15:15,128 - Disk Usage   : 0.2% (2 GB used)
2026-05-10 09:15:20,130 - ---Stats [09:15:20]---
2026-05-10 09:15:20,131 - CPU Usage    : 0.0%
2026-05-10 09:15:20,144 - RAM Usage    : 7.6%  (589 MB used)
2026-05-10 09:15:20,144 - Disk Usage   : 0.2% (2 GB used)
2026-05-10 09:15:25,146 - ---Stats [09:15:25]---
2026-05-10 09:15:25,146 - CPU Usage    : 0.0%
2026-05-10 09:15:25,146 - RAM Usage    : 7.6%  (589 MB used)
2026-05-10 09:15:25,146 - Disk Usage   : 0.2% (2 GB used)
2026-05-10 09:15:30,160 - ---Stats [09:15:30]---
2026-05-10 09:15:30,161 - CPU Usage    : 0.0%
2026-05-10 09:15:30,161 - RAM Usage    : 7.6%  (589 MB used)
2026-05-10 09:15:30,161 - Disk Usage   : 0.2% (2 GB used)
2026-05-10 09:15:35,163 - ---Stats [09:15:35]---
2026-05-10 09:15:35,163 - CPU Usage    : 0.0%
2026-05-10 09:15:35,163 - RAM Usage    : 7.6%  (589 MB used)
2026-05-10 09:15:35,163 - Disk Usage   : 0.2% (2 GB used)
2026-05-10 09:15:40,165 - ---Stats [09:15:40]---
2026-05-10 09:15:40,165 - CPU Usage    : 0.1%
2026-05-10 09:15:40,165 - RAM Usage    : 7.6%  (587 MB used)
2026-05-10 09:15:40,165 - Disk Usage   : 0.2% (2 GB used)
2026-05-10 09:15:45,167 - ---Stats [09:15:45]---
2026-05-10 09:15:45,167 - CPU Usage    : 0.0%
2026-05-10 09:15:45,167 - RAM Usage    : 7.6%  (587 MB used)
2026-05-10 09:15:45,167 - Disk Usage   : 0.2% (2 GB used)
2026-05-10 09:15:50,169 - ---Stats [09:15:50]---
2026-05-10 09:15:50,169 - CPU Usage    : 0.1%
2026-05-10 09:15:50,182 - RAM Usage    : 7.6%  (587 MB used)
2026-05-10 09:15:50,182 - Disk Usage   : 0.2% (2 GB used)
2026-05-10 09:15:55,184 - ---Stats [09:15:55]---
2026-05-10 09:15:55,184 - CPU Usage    : 0.0%
2026-05-10 09:15:55,184 - RAM Usage    : 7.6%  (587 MB used)
2026-05-10 09:15:55,197 - Disk Usage   : 0.2% (2 GB used)
2026-05-10 09:16:00,199 - ---Stats [09:16:00]---
2026-05-10 09:16:00,199 - CPU Usage    : 0.0%
2026-05-10 09:16:00,199 - RAM Usage    : 7.6%  (587 MB used)
2026-05-10 09:16:00,199 - Disk Usage   : 0.2% (2 GB used)
2026-05-10 09:16:05,201 - ---Stats [09:16:05]---
2026-05-10 09:16:05,201 - CPU Usage    : 0.0%
2026-05-10 09:16:05,201 - RAM Usage    : 7.6%  (587 MB used)
2026-05-10 09:16:05,201 - Disk Usage   : 0.2% (2 GB used)
2026-05-10 09:16:10,203 - ---Stats [09:16:10]---
2026-05-10 09:16:10,203 - CPU Usage    : 0.0%
2026-05-10 09:16:10,204 - RAM Usage    : 7.6%  (587 MB used)
2026-05-10 09:16:10,204 - Disk Usage   : 0.2% (2 GB used)
2026-05-10 09:16:15,206 - ---Stats [09:16:15]---
2026-05-10 09:16:15,206 - CPU Usage    : 0.0%
2026-05-10 09:16:15,206 - RAM Usage    : 7.6%  (587 MB used)
2026-05-10 09:16:15,206 - Disk Usage   : 0.2% (2 GB used)
2026-05-10 09:16:20,206 - ---Stats [09:16:20]---
2026-05-10 09:16:20,206 - CPU Usage    : 0.1%
2026-05-10 09:16:20,206 - RAM Usage    : 7.6%  (587 MB used)
2026-05-10 09:16:20,206 - Disk Usage   : 0.2% (2 GB used)
2026-05-10 09:16:25,207 - ---Stats [09:16:25]---
2026-05-10 09:16:25,208 - CPU Usage    : 0.0%
2026-05-10 09:16:25,208 - RAM Usage    : 7.6%  (587 MB used)
2026-05-10 09:16:25,208 - Disk Usage   : 0.2% (2 GB used)
2026-05-10 09:16:30,209 - ---Stats [09:16:30]---
2026-05-10 09:16:30,209 - CPU Usage    : 0.0%
2026-05-10 09:16:30,209 - RAM Usage    : 7.6%  (587 MB used)
2026-05-10 09:16:30,209 - Disk Usage   : 0.2% (2 GB used)
2026-05-10 09:16:35,211 - ---Stats [09:16:35]---
2026-05-10 09:16:35,211 - CPU Usage    : 0.0%
2026-05-10 09:16:35,211 - RAM Usage    : 7.6%  (588 MB used)
2026-05-10 09:16:35,211 - Disk Usage   : 0.2% (2 GB used)
2026-05-10 09:16:40,212 - ---Stats [09:16:40]---
2026-05-10 09:16:40,213 - CPU Usage    : 0.0%
2026-05-10 09:16:40,213 - RAM Usage    : 7.6%  (588 MB used)
2026-05-10 09:16:40,213 - Disk Usage   : 0.2% (2 GB used)
2026-05-10 09:16:45,214 - ---Stats [09:16:45]---
2026-05-10 09:16:45,214 - CPU Usage    : 0.1%
2026-05-10 09:16:45,215 - RAM Usage    : 7.6%  (588 MB used)
2026-05-10 09:16:45,215 - Disk Usage   : 0.2% (2 GB used)
2026-05-10 09:16:50,216 - ---Stats [09:16:50]---
2026-05-10 09:16:50,216 - CPU Usage    : 0.0%
2026-05-10 09:16:50,217 - RAM Usage    : 7.6%  (588 MB used)
2026-05-10 09:16:50,217 - Disk Usage   : 0.2% (2 GB used)
2026-05-10 09:16:55,218 - ---Stats [09:16:55]---
2026-05-10 09:16:55,218 - CPU Usage    : 0.1%
2026-05-10 09:16:55,218 - RAM Usage    : 7.6%  (588 MB used)
2026-05-10 09:16:55,218 - Disk Usage   : 0.2% (2 GB used)
2026-05-10 09:17:00,220 - ---Stats [09:17:00]---
2026-05-10 09:17:00,220 - CPU Usage    : 0.0%
2026-05-10 09:17:00,220 - RAM Usage    : 7.6%  (588 MB used)
2026-05-10 09:17:00,220 - Disk Usage   : 0.2% (2 GB used)
2026-05-10 09:17:05,221 - ---Stats [09:17:05]---
2026-05-10 09:17:05,222 - CPU Usage    : 0.0%
2026-05-10 09:17:05,235 - RAM Usage    : 7.6%  (588 MB used)
2026-05-10 09:17:05,235 - Disk Usage   : 0.2% (2 GB used)
2026-05-10 09:17:10,236 - ---Stats [09:17:10]---
2026-05-10 09:17:10,237 - CPU Usage    : 0.0%
2026-05-10 09:17:10,237 - RAM Usage    : 7.6%  (588 MB used)
2026-05-10 09:17:10,237 - Disk Usage   : 0.2% (2 GB used)
2026-05-10 09:17:15,238 - ---Stats [09:17:15]---
2026-05-10 09:17:15,238 - CPU Usage    : 0.0%
2026-05-10 09:17:15,239 - RAM Usage    : 7.6%  (588 MB used)
2026-05-10 09:17:15,239 - Disk Usage   : 0.2% (2 GB used)
2026-05-10 09:17:20,240 - ---Stats [09:17:20]---
2026-05-10 09:17:20,240 - CPU Usage    : 0.1%
2026-05-10 09:17:20,241 - RAM Usage    : 7.6%  (588 MB used)
2026-05-10 09:17:20,241 - Disk Usage   : 0.2% (2 GB used)
2026-05-10 09:17:25,242 - ---Stats [09:17:25]---
2026-05-10 09:17:25,242 - CPU Usage    : 0.0%
2026-05-10 09:17:25,243 - RAM Usage    : 7.6%  (588 MB used)
2026-05-10 09:17:25,243 - Disk Usage   : 0.2% (2 GB used)
2026-05-10 09:17:30,245 - ---Stats [09:17:30]---
2026-05-10 09:17:30,246 - CPU Usage    : 0.0%
2026-05-10 09:17:30,246 - RAM Usage    : 7.6%  (588 MB used)
2026-05-10 09:17:30,246 - Disk Usage   : 0.2% (2 GB used)
2026-05-10 09:17:35,247 - ---Stats [09:17:35]---
2026-05-10 09:17:35,247 - CPU Usage    : 0.0%
2026-05-10 09:17:35,247 - RAM Usage    : 7.6%  (588 MB used)
2026-05-10 09:17:35,248 - Disk Usage   : 0.2% (2 GB used)
2026-05-10 09:17:40,249 - ---Stats [09:17:40]---
2026-05-10 09:17:40,249 - CPU Usage    : 0.0%
2026-05-10 09:17:40,249 - RAM Usage    : 7.6%  (588 MB used)
2026-05-10 09:17:40,249 - Disk Usage   : 0.2% (2 GB used)
2026-05-10 09:17:45,250 - ---Stats [09:17:45]---
2026-05-10 09:17:45,250 - CPU Usage    : 0.0%
2026-05-10 09:17:45,253 - RAM Usage    : 7.6%  (588 MB used)
2026-05-10 09:17:45,253 - Disk Usage   : 0.2% (2 GB used)
2026-05-10 09:17:50,254 - ---Stats [09:17:50]---
2026-05-10 09:17:50,255 - CPU Usage    : 0.0%
2026-05-10 09:17:50,269 - RAM Usage    : 7.6%  (589 MB used)
2026-05-10 09:17:50,269 - Disk Usage   : 0.2% (2 GB used)
2026-05-10 09:17:55,271 - ---Stats [09:17:55]---
2026-05-10 09:17:55,271 - CPU Usage    : 0.0%
2026-05-10 09:17:55,285 - RAM Usage    : 7.6%  (589 MB used)
2026-05-10 09:17:55,285 - Disk Usage   : 0.2% (2 GB used)
2026-05-10 09:18:00,286 - ---Stats [09:18:00]---
2026-05-10 09:18:00,286 - CPU Usage    : 0.0%
2026-05-10 09:18:00,286 - RAM Usage    : 7.6%  (589 MB used)
2026-05-10 09:18:00,286 - Disk Usage   : 0.2% (2 GB used)
2026-05-10 09:18:05,287 - ---Stats [09:18:05]---
2026-05-10 09:18:05,288 - CPU Usage    : 0.0%
2026-05-10 09:18:05,288 - RAM Usage    : 7.6%  (589 MB used)
2026-05-10 09:18:05,288 - Disk Usage   : 0.2% (2 GB used)
2026-05-10 09:18:10,289 - ---Stats [09:18:10]---
2026-05-10 09:18:10,290 - CPU Usage    : 0.0%
2026-05-10 09:18:10,304 - RAM Usage    : 7.6%  (589 MB used)
2026-05-10 09:18:10,304 - Disk Usage   : 0.2% (2 GB used)
2026-05-10 09:18:15,306 - ---Stats [09:18:15]---
2026-05-10 09:18:15,306 - CPU Usage    : 0.1%
2026-05-10 09:18:15,320 - RAM Usage    : 7.6%  (589 MB used)
2026-05-10 09:18:15,320 - Disk Usage   : 0.2% (2 GB used)
2026-05-10 09:18:20,321 - ---Stats [09:18:20]---
2026-05-10 09:18:20,321 - CPU Usage    : 0.1%
2026-05-10 09:18:20,339 - RAM Usage    : 7.6%  (589 MB used)
2026-05-10 09:18:20,339 - Disk Usage   : 0.2% (2 GB used)
2026-05-10 09:18:25,340 - ---Stats [09:18:25]---
2026-05-10 09:18:25,340 - CPU Usage    : 0.0%
2026-05-10 09:18:25,354 - RAM Usage    : 7.6%  (589 MB used)
2026-05-10 09:18:25,354 - Disk Usage   : 0.2% (2 GB used)
2026-05-10 09:18:30,355 - ---Stats [09:18:30]---
2026-05-10 09:18:30,355 - CPU Usage    : 0.0%
2026-05-10 09:18:30,355 - RAM Usage    : 7.6%  (589 MB used)
2026-05-10 09:18:30,355 - Disk Usage   : 0.2% (2 GB used)
2026-05-10 09:18:35,356 - ---Stats [09:18:35]---
2026-05-10 09:18:35,356 - CPU Usage    : 0.1%
2026-05-10 09:18:35,357 - RAM Usage    : 7.6%  (590 MB used)
2026-05-10 09:18:35,357 - Disk Usage   : 0.2% (2 GB used)
2026-05-10 09:18:40,358 - ---Stats [09:18:40]---
2026-05-10 09:18:40,358 - CPU Usage    : 0.0%
2026-05-10 09:18:40,372 - RAM Usage    : 7.6%  (590 MB used)
2026-05-10 09:18:40,372 - Disk Usage   : 0.2% (2 GB used)
2026-05-10 09:18:45,374 - ---Stats [09:18:45]---
2026-05-10 09:18:45,374 - CPU Usage    : 0.0%
2026-05-10 09:18:45,387 - RAM Usage    : 7.6%  (590 MB used)
2026-05-10 09:18:45,387 - Disk Usage   : 0.2% (2 GB used)
2026-05-10 09:18:50,389 - ---Stats [09:18:50]---
2026-05-10 09:18:50,389 - CPU Usage    : 0.1%
2026-05-10 09:18:50,389 - RAM Usage    : 7.6%  (590 MB used)
2026-05-10 09:18:50,389 - Disk Usage   : 0.2% (2 GB used)
2026-05-10 09:18:55,391 - ---Stats [09:18:55]---
2026-05-10 09:18:55,391 - CPU Usage    : 0.1%
2026-05-10 09:18:55,391 - RAM Usage    : 7.6%  (590 MB used)
2026-05-10 09:18:55,391 - Disk Usage   : 0.2% (2 GB used)
2026-05-10 09:19:00,393 - ---Stats [09:19:00]---
2026-05-10 09:19:00,393 - CPU Usage    : 0.0%
2026-05-10 09:19:00,394 - RAM Usage    : 7.6%  (590 MB used)
2026-05-10 09:19:00,394 - Disk Usage   : 0.2% (2 GB used)
2026-05-10 09:19:05,395 - ---Stats [09:19:05]---
2026-05-10 09:19:05,395 - CPU Usage    : 0.0%
2026-05-10 09:19:05,395 - RAM Usage    : 7.6%  (590 MB used)
2026-05-10 09:19:05,395 - Disk Usage   : 0.2% (2 GB used)
2026-05-10 09:19:10,396 - ---Stats [09:19:10]---
2026-05-10 09:19:10,397 - CPU Usage    : 0.0%
2026-05-10 09:19:10,397 - RAM Usage    : 7.6%  (590 MB used)
2026-05-10 09:19:10,397 - Disk Usage   : 0.2% (2 GB used)
2026-05-10 09:19:15,398 - ---Stats [09:19:15]---
2026-05-10 09:19:15,398 - CPU Usage    : 0.0%
2026-05-10 09:19:15,398 - RAM Usage    : 7.6%  (590 MB used)
2026-05-10 09:19:15,398 - Disk Usage   : 0.2% (2 GB used)
2026-05-10 09:19:20,399 - ---Stats [09:19:20]---
2026-05-10 09:19:20,399 - CPU Usage    : 0.1%
2026-05-10 09:19:20,399 - RAM Usage    : 7.6%  (590 MB used)
2026-05-10 09:19:20,399 - Disk Usage   : 0.2% (2 GB used)
2026-05-10 09:19:25,400 - ---Stats [09:19:25]---
2026-05-10 09:19:25,400 - CPU Usage    : 0.0%
2026-05-10 09:19:25,400 - RAM Usage    : 7.6%  (590 MB used)
2026-05-10 09:19:25,401 - Disk Usage   : 0.2% (2 GB used)
2026-05-10 09:19:30,402 - ---Stats [09:19:30]---
2026-05-10 09:19:30,402 - CPU Usage    : 0.1%
2026-05-10 09:19:30,403 - RAM Usage    : 7.6%  (590 MB used)
2026-05-10 09:19:30,403 - Disk Usage   : 0.2% (2 GB used)
2026-05-10 09:19:35,404 - ---Stats [09:19:35]---
2026-05-10 09:19:35,404 - CPU Usage    : 0.1%
2026-05-10 09:19:35,418 - RAM Usage    : 7.6%  (590 MB used)
2026-05-10 09:19:35,419 - Disk Usage   : 0.2% (2 GB used)
2026-05-10 09:19:40,420 - ---Stats [09:19:40]---
2026-05-10 09:19:40,420 - CPU Usage    : 0.0%
2026-05-10 09:19:40,433 - RAM Usage    : 7.6%  (590 MB used)
2026-05-10 09:19:40,433 - Disk Usage   : 0.2% (2 GB used)
2026-05-10 09:19:45,434 - ---Stats [09:19:45]---
2026-05-10 09:19:45,435 - CPU Usage    : 0.0%
2026-05-10 09:19:45,435 - RAM Usage    : 7.6%  (590 MB used)
2026-05-10 09:19:45,435 - Disk Usage   : 0.2% (2 GB used)
2026-05-10 09:19:50,436 - ---Stats [09:19:50]---
2026-05-10 09:19:50,436 - CPU Usage    : 0.1%
2026-05-10 09:19:50,451 - RAM Usage    : 7.6%  (590 MB used)
2026-05-10 09:19:50,451 - Disk Usage   : 0.2% (2 GB used)
2026-05-10 09:19:55,453 - ---Stats [09:19:55]---
2026-05-10 09:19:55,453 - CPU Usage    : 0.0%
2026-05-10 09:19:55,466 - RAM Usage    : 7.6%  (590 MB used)
2026-05-10 09:19:55,466 - Disk Usage   : 0.2% (2 GB used)
2026-05-10 09:20:00,467 - ---Stats [09:20:00]---
2026-05-10 09:20:00,467 - CPU Usage    : 0.1%
2026-05-10 09:20:00,481 - RAM Usage    : 7.6%  (590 MB used)
2026-05-10 09:20:00,481 - Disk Usage   : 0.2% (2 GB used)
2026-05-10 09:20:05,482 - ---Stats [09:20:05]---
2026-05-10 09:20:05,483 - CPU Usage    : 0.0%
2026-05-10 09:20:05,495 - RAM Usage    : 7.6%  (590 MB used)
2026-05-10 09:20:05,495 - Disk Usage   : 0.2% (2 GB used)
2026-05-10 09:20:10,496 - ---Stats [09:20:10]---
2026-05-10 09:20:10,497 - CPU Usage    : 0.1%
2026-05-10 09:20:10,497 - RAM Usage    : 7.6%  (590 MB used)
2026-05-10 09:20:10,497 - Disk Usage   : 0.2% (2 GB used)
2026-05-10 09:20:15,498 - ---Stats [09:20:15]---
2026-05-10 09:20:15,498 - CPU Usage    : 0.0%
2026-05-10 09:20:15,498 - RAM Usage    : 7.6%  (590 MB used)
2026-05-10 09:20:15,512 - Disk Usage   : 0.2% (2 GB used)
2026-05-10 09:20:20,513 - ---Stats [09:20:20]---
2026-05-10 09:20:20,514 - CPU Usage    : 0.0%
2026-05-10 09:20:20,516 - RAM Usage    : 7.6%  (590 MB used)
2026-05-10 09:20:20,516 - Disk Usage   : 0.2% (2 GB used)
2026-05-10 09:20:25,518 - ---Stats [09:20:25]---
2026-05-10 09:20:25,518 - CPU Usage    : 0.0%
2026-05-10 09:20:25,518 - RAM Usage    : 7.6%  (590 MB used)
2026-05-10 09:20:25,518 - Disk Usage   : 0.2% (2 GB used)
2026-05-10 09:20:30,519 - ---Stats [09:20:30]---
2026-05-10 09:20:30,519 - CPU Usage    : 0.0%
2026-05-10 09:20:30,519 - RAM Usage    : 7.6%  (590 MB used)
2026-05-10 09:20:30,519 - Disk Usage   : 0.2% (2 GB used)
2026-05-10 09:20:35,520 - ---Stats [09:20:35]---
2026-05-10 09:20:35,520 - CPU Usage    : 0.1%
2026-05-10 09:20:35,520 - RAM Usage    : 7.6%  (590 MB used)
2026-05-10 09:20:35,521 - Disk Usage   : 0.2% (2 GB used)
2026-05-10 09:20:40,522 - ---Stats [09:20:40]---
2026-05-10 09:20:40,523 - CPU Usage    : 0.1%
2026-05-10 09:20:40,523 - RAM Usage    : 7.6%  (590 MB used)
2026-05-10 09:20:40,523 - Disk Usage   : 0.2% (2 GB used)
2026-05-10 09:20:45,524 - ---Stats [09:20:45]---
2026-05-10 09:20:45,524 - CPU Usage    : 0.0%
2026-05-10 09:20:45,524 - RAM Usage    : 7.6%  (590 MB used)
2026-05-10 09:20:45,524 - Disk Usage   : 0.2% (2 GB used)
2026-05-10 09:20:50,526 - ---Stats [09:20:50]---
2026-05-10 09:20:50,526 - CPU Usage    : 0.1%
2026-05-10 09:20:50,526 - RAM Usage    : 7.6%  (590 MB used)
2026-05-10 09:20:50,526 - Disk Usage   : 0.2% (2 GB used)
2026-05-10 09:20:55,527 - ---Stats [09:20:55]---
2026-05-10 09:20:55,528 - CPU Usage    : 0.1%
2026-05-10 09:20:55,528 - RAM Usage    : 7.6%  (586 MB used)
2026-05-10 09:20:55,528 - Disk Usage   : 0.2% (2 GB used)
2026-05-10 09:21:00,530 - ---Stats [09:21:00]---
2026-05-10 09:21:00,530 - CPU Usage    : 0.0%
2026-05-10 09:21:00,530 - RAM Usage    : 7.6%  (586 MB used)
2026-05-10 09:21:00,530 - Disk Usage   : 0.2% (2 GB used)
2026-05-10 09:21:05,530 - ---Stats [09:21:05]---
2026-05-10 09:21:05,531 - CPU Usage    : 0.0%
2026-05-10 09:21:05,531 - RAM Usage    : 7.6%  (587 MB used)
2026-05-10 09:21:05,531 - Disk Usage   : 0.2% (2 GB used)
2026-05-10 09:21:10,531 - ---Stats [09:21:10]---
2026-05-10 09:21:10,532 - CPU Usage    : 0.0%
2026-05-10 09:21:10,532 - RAM Usage    : 7.6%  (587 MB used)
2026-05-10 09:21:10,532 - Disk Usage   : 0.2% (2 GB used)
2026-05-10 09:21:15,532 - ---Stats [09:21:15]---
2026-05-10 09:21:15,532 - CPU Usage    : 0.0%
2026-05-10 09:21:15,532 - RAM Usage    : 7.6%  (587 MB used)
2026-05-10 09:21:15,532 - Disk Usage   : 0.2% (2 GB used)
2026-05-10 09:21:20,533 - ---Stats [09:21:20]---
2026-05-10 09:21:20,533 - CPU Usage    : 0.0%
2026-05-10 09:21:20,533 - RAM Usage    : 7.6%  (587 MB used)
2026-05-10 09:21:20,533 - Disk Usage   : 0.2% (2 GB used)
2026-05-10 09:21:25,534 - ---Stats [09:21:25]---
2026-05-10 09:21:25,534 - CPU Usage    : 0.0%
2026-05-10 09:21:25,534 - RAM Usage    : 7.6%  (587 MB used)
2026-05-10 09:21:25,534 - Disk Usage   : 0.2% (2 GB used)
2026-05-10 09:21:30,535 - ---Stats [09:21:30]---
2026-05-10 09:21:30,535 - CPU Usage    : 0.0%
2026-05-10 09:21:30,548 - RAM Usage    : 7.6%  (587 MB used)
2026-05-10 09:21:30,549 - Disk Usage   : 0.2% (2 GB used)
2026-05-10 09:21:35,550 - ---Stats [09:21:35]---
2026-05-10 09:21:35,550 - CPU Usage    : 0.0%
2026-05-10 09:21:35,551 - RAM Usage    : 7.5%  (585 MB used)
2026-05-10 09:21:35,551 - Disk Usage   : 0.2% (2 GB used)
2026-05-10 09:21:40,553 - ---Stats [09:21:40]---
2026-05-10 09:21:40,553 - CPU Usage    : 0.1%
2026-05-10 09:21:40,554 - RAM Usage    : 7.5%  (585 MB used)
2026-05-10 09:21:40,566 - Disk Usage   : 0.2% (2 GB used)
2026-05-10 09:21:45,568 - ---Stats [09:21:45]---
2026-05-10 09:21:45,568 - CPU Usage    : 0.0%
2026-05-10 09:21:45,581 - RAM Usage    : 7.5%  (585 MB used)
2026-05-10 09:21:45,582 - Disk Usage   : 0.2% (2 GB used)
2026-05-10 09:21:50,583 - ---Stats [09:21:50]---
2026-05-10 09:21:50,583 - CPU Usage    : 0.1%
2026-05-10 09:21:50,597 - RAM Usage    : 7.5%  (585 MB used)
2026-05-10 09:21:50,598 - Disk Usage   : 0.2% (2 GB used)
2026-05-10 09:21:55,599 - ---Stats [09:21:55]---
2026-05-10 09:21:55,599 - CPU Usage    : 0.0%
2026-05-10 09:21:55,612 - RAM Usage    : 7.5%  (585 MB used)
2026-05-10 09:21:55,612 - Disk Usage   : 0.2% (2 GB used)
2026-05-10 09:22:00,613 - ---Stats [09:22:00]---
2026-05-10 09:22:00,613 - CPU Usage    : 0.0%
2026-05-10 09:22:00,626 - RAM Usage    : 7.5%  (585 MB used)
2026-05-10 09:22:00,627 - Disk Usage   : 0.2% (2 GB used)
2026-05-10 09:22:05,630 - ---Stats [09:22:05]---
2026-05-10 09:22:05,630 - CPU Usage    : 0.1%
2026-05-10 09:22:05,630 - RAM Usage    : 7.5%  (585 MB used)
2026-05-10 09:22:05,630 - Disk Usage   : 0.2% (2 GB used)
2026-05-10 09:22:10,631 - ---Stats [09:22:10]---
2026-05-10 09:22:10,632 - CPU Usage    : 0.0%
2026-05-10 09:22:10,632 - RAM Usage    : 7.5%  (585 MB used)
2026-05-10 09:22:10,632 - Disk Usage   : 0.2% (2 GB used)
2026-05-10 09:22:15,633 - ---Stats [09:22:15]---
2026-05-10 09:22:15,633 - CPU Usage    : 0.0%
2026-05-10 09:22:15,633 - RAM Usage    : 7.6%  (586 MB used)
2026-05-10 09:22:15,633 - Disk Usage   : 0.2% (2 GB used)
2026-05-10 09:22:20,635 - ---Stats [09:22:20]---
2026-05-10 09:22:20,635 - CPU Usage    : 0.0%
2026-05-10 09:22:20,635 - RAM Usage    : 7.6%  (586 MB used)
2026-05-10 09:22:20,635 - Disk Usage   : 0.2% (2 GB used)
2026-05-10 09:22:25,638 - ---Stats [09:22:25]---
2026-05-10 09:22:25,638 - CPU Usage    : 0.1%
2026-05-10 09:22:25,641 - RAM Usage    : 7.6%  (586 MB used)
2026-05-10 09:22:25,641 - Disk Usage   : 0.2% (2 GB used)
2026-05-10 09:22:30,642 - ---Stats [09:22:30]---
2026-05-10 09:22:30,643 - CPU Usage    : 0.0%
2026-05-10 09:22:30,656 - RAM Usage    : 7.6%  (586 MB used)
2026-05-10 09:22:30,656 - Disk Usage   : 0.2% (2 GB used)
2026-05-10 09:22:35,658 - ---Stats [09:22:35]---
2026-05-10 09:22:35,658 - CPU Usage    : 0.0%
2026-05-10 09:22:35,662 - RAM Usage    : 7.6%  (587 MB used)
2026-05-10 09:22:35,662 - Disk Usage   : 0.2% (2 GB used)
2026-05-10 09:22:40,663 - ---Stats [09:22:40]---
2026-05-10 09:22:40,664 - CPU Usage    : 0.0%
2026-05-10 09:22:40,664 - RAM Usage    : 7.6%  (587 MB used)
2026-05-10 09:22:40,664 - Disk Usage   : 0.2% (2 GB used)
2026-05-10 09:22:45,665 - ---Stats [09:22:45]---
2026-05-10 09:22:45,666 - CPU Usage    : 0.0%
2026-05-10 09:22:45,666 - RAM Usage    : 7.6%  (587 MB used)
2026-05-10 09:22:45,666 - Disk Usage   : 0.2% (2 GB used)
2026-05-10 09:22:50,667 - ---Stats [09:22:50]---
2026-05-10 09:22:50,667 - CPU Usage    : 0.1%
2026-05-10 09:22:50,681 - RAM Usage    : 7.6%  (587 MB used)
2026-05-10 09:22:50,682 - Disk Usage   : 0.2% (2 GB used)
2026-05-10 09:22:55,683 - ---Stats [09:22:55]---
2026-05-10 09:22:55,683 - CPU Usage    : 0.0%
2026-05-10 09:22:55,683 - RAM Usage    : 7.6%  (587 MB used)
2026-05-10 09:22:55,683 - Disk Usage   : 0.2% (2 GB used)
2026-05-10 09:23:00,689 - ---Stats [09:23:00]---
2026-05-10 09:23:00,689 - CPU Usage    : 0.0%
2026-05-10 09:23:00,690 - RAM Usage    : 7.6%  (587 MB used)
2026-05-10 09:23:00,690 - Disk Usage   : 0.2% (2 GB used)
2026-05-10 09:23:05,691 - ---Stats [09:23:05]---
2026-05-10 09:23:05,691 - CPU Usage    : 0.0%
2026-05-10 09:23:05,704 - RAM Usage    : 7.6%  (587 MB used)
2026-05-10 09:23:05,704 - Disk Usage   : 0.2% (2 GB used)
2026-05-10 09:23:10,706 - ---Stats [09:23:10]---
2026-05-10 09:23:10,706 - CPU Usage    : 0.1%
2026-05-10 09:23:10,721 - RAM Usage    : 7.6%  (588 MB used)
2026-05-10 09:23:10,723 - Disk Usage   : 0.2% (2 GB used)
2026-05-10 09:23:15,724 - ---Stats [09:23:15]---
2026-05-10 09:23:15,724 - CPU Usage    : 0.1%
2026-05-10 09:23:15,737 - RAM Usage    : 7.6%  (588 MB used)
2026-05-10 09:23:15,737 - Disk Usage   : 0.2% (2 GB used)
2026-05-10 09:23:20,738 - ---Stats [09:23:20]---
2026-05-10 09:23:20,738 - CPU Usage    : 0.0%
2026-05-10 09:23:20,751 - RAM Usage    : 7.6%  (588 MB used)
2026-05-10 09:23:20,751 - Disk Usage   : 0.2% (2 GB used)
2026-05-10 09:23:25,752 - ---Stats [09:23:25]---
2026-05-10 09:23:25,753 - CPU Usage    : 0.0%
2026-05-10 09:23:25,754 - RAM Usage    : 7.6%  (588 MB used)
2026-05-10 09:23:25,755 - Disk Usage   : 0.2% (2 GB used)
2026-05-10 09:23:30,756 - ---Stats [09:23:30]---
2026-05-10 09:23:30,757 - CPU Usage    : 0.0%
2026-05-10 09:23:30,770 - RAM Usage    : 7.6%  (588 MB used)
2026-05-10 09:23:30,770 - Disk Usage   : 0.2% (2 GB used)
2026-05-10 09:23:35,772 - ---Stats [09:23:35]---
2026-05-10 09:23:35,772 - CPU Usage    : 0.0%
2026-05-10 09:23:35,786 - RAM Usage    : 7.5%  (585 MB used)
2026-05-10 09:23:35,786 - Disk Usage   : 0.2% (2 GB used)
2026-05-10 09:23:40,787 - ---Stats [09:23:40]---
2026-05-10 09:23:40,787 - CPU Usage    : 0.0%
2026-05-10 09:23:40,787 - RAM Usage    : 7.5%  (585 MB used)
2026-05-10 09:23:40,787 - Disk Usage   : 0.2% (2 GB used)
2026-05-10 09:23:45,788 - ---Stats [09:23:45]---
2026-05-10 09:23:45,788 - CPU Usage    : 0.1%
2026-05-10 09:23:45,788 - RAM Usage    : 7.5%  (585 MB used)
2026-05-10 09:23:45,788 - Disk Usage   : 0.2% (2 GB used)
2026-05-10 09:23:50,788 - ---Stats [09:23:50]---
2026-05-10 09:23:50,789 - CPU Usage    : 0.0%
2026-05-10 09:23:50,789 - RAM Usage    : 7.5%  (585 MB used)
2026-05-10 09:23:50,789 - Disk Usage   : 0.2% (2 GB used)
2026-05-10 09:23:55,790 - ---Stats [09:23:55]---
2026-05-10 09:23:55,790 - CPU Usage    : 0.0%
2026-05-10 09:23:55,790 - RAM Usage    : 7.5%  (585 MB used)
2026-05-10 09:23:55,790 - Disk Usage   : 0.2% (2 GB used)
2026-05-10 09:24:00,791 - ---Stats [09:24:00]---
2026-05-10 09:24:00,791 - CPU Usage    : 0.0%
2026-05-10 09:24:00,791 - RAM Usage    : 7.5%  (585 MB used)
2026-05-10 09:24:00,791 - Disk Usage   : 0.2% (2 GB used)
2026-05-10 09:24:05,792 - ---Stats [09:24:05]---
2026-05-10 09:24:05,792 - CPU Usage    : 0.0%
2026-05-10 09:24:05,792 - RAM Usage    : 7.5%  (585 MB used)
2026-05-10 09:24:05,792 - Disk Usage   : 0.2% (2 GB used)
2026-05-10 09:24:10,805 - ---Stats [09:24:10]---
2026-05-10 09:24:10,806 - CPU Usage    : 0.0%
2026-05-10 09:24:10,818 - RAM Usage    : 7.5%  (585 MB used)
2026-05-10 09:24:10,818 - Disk Usage   : 0.2% (2 GB used)
2026-05-10 09:24:15,819 - ---Stats [09:24:15]---
2026-05-10 09:24:15,819 - CPU Usage    : 0.0%
2026-05-10 09:24:15,832 - RAM Usage    : 7.5%  (585 MB used)
2026-05-10 09:24:15,832 - Disk Usage   : 0.2% (2 GB used)
2026-05-10 09:24:20,833 - ---Stats [09:24:20]---
2026-05-10 09:24:20,833 - CPU Usage    : 0.0%
2026-05-10 09:24:20,833 - RAM Usage    : 7.5%  (585 MB used)
2026-05-10 09:24:20,834 - Disk Usage   : 0.2% (2 GB used)
2026-05-10 09:24:25,834 - ---Stats [09:24:25]---
2026-05-10 09:24:25,835 - CPU Usage    : 0.0%
2026-05-10 09:24:25,835 - RAM Usage    : 7.5%  (585 MB used)
2026-05-10 09:24:25,835 - Disk Usage   : 0.2% (2 GB used)
2026-05-10 09:24:30,835 - ---Stats [09:24:30]---
2026-05-10 09:24:30,836 - CPU Usage    : 0.0%
2026-05-10 09:24:30,836 - RAM Usage    : 7.5%  (585 MB used)
2026-05-10 09:24:30,836 - Disk Usage   : 0.2% (2 GB used)
2026-05-10 09:24:35,837 - ---Stats [09:24:35]---
2026-05-10 09:24:35,837 - CPU Usage    : 0.1%
2026-05-10 09:24:35,850 - RAM Usage    : 7.5%  (585 MB used)
2026-05-10 09:24:35,850 - Disk Usage   : 0.2% (2 GB used)
2026-05-10 09:24:40,851 - ---Stats [09:24:40]---
2026-05-10 09:24:40,851 - CPU Usage    : 0.0%
2026-05-10 09:24:40,851 - RAM Usage    : 7.5%  (585 MB used)
2026-05-10 09:24:40,851 - Disk Usage   : 0.2% (2 GB used)
2026-05-10 09:24:45,866 - ---Stats [09:24:45]---
2026-05-10 09:24:45,866 - CPU Usage    : 0.1%
2026-05-10 09:24:45,880 - RAM Usage    : 7.5%  (585 MB used)
2026-05-10 09:24:45,881 - Disk Usage   : 0.2% (2 GB used)
2026-05-10 09:24:50,881 - ---Stats [09:24:50]---
2026-05-10 09:24:50,882 - CPU Usage    : 0.0%
2026-05-10 09:24:50,895 - RAM Usage    : 7.5%  (585 MB used)
2026-05-10 09:24:50,895 - Disk Usage   : 0.2% (2 GB used)
2026-05-10 09:24:55,896 - ---Stats [09:24:55]---
2026-05-10 09:24:55,896 - CPU Usage    : 0.0%
2026-05-10 09:24:55,908 - RAM Usage    : 7.5%  (585 MB used)
2026-05-10 09:24:55,908 - Disk Usage   : 0.2% (2 GB used)
2026-05-10 09:25:00,910 - ---Stats [09:25:00]---
2026-05-10 09:25:00,910 - CPU Usage    : 0.0%
2026-05-10 09:25:00,910 - RAM Usage    : 7.5%  (585 MB used)
2026-05-10 09:25:00,910 - Disk Usage   : 0.2% (2 GB used)
2026-05-10 09:25:05,911 - ---Stats [09:25:05]---
2026-05-10 09:25:05,911 - CPU Usage    : 0.0%
2026-05-10 09:25:05,911 - RAM Usage    : 7.5%  (585 MB used)
2026-05-10 09:25:05,911 - Disk Usage   : 0.2% (2 GB used)
2026-05-10 09:25:10,912 - ---Stats [09:25:10]---
2026-05-10 09:25:10,913 - CPU Usage    : 0.0%
2026-05-10 09:25:10,926 - RAM Usage    : 7.5%  (585 MB used)
2026-05-10 09:25:10,927 - Disk Usage   : 0.2% (2 GB used)
2026-05-10 09:25:15,928 - ---Stats [09:25:15]---
2026-05-10 09:25:15,928 - CPU Usage    : 0.0%
2026-05-10 09:25:15,928 - RAM Usage    : 7.5%  (585 MB used)
2026-05-10 09:25:15,928 - Disk Usage   : 0.2% (2 GB used)
2026-05-10 09:25:20,929 - ---Stats [09:25:20]---
2026-05-10 09:25:20,929 - CPU Usage    : 0.0%
2026-05-10 09:25:20,929 - RAM Usage    : 7.5%  (585 MB used)
2026-05-10 09:25:20,930 - Disk Usage   : 0.2% (2 GB used)
2026-05-10 09:25:25,930 - ---Stats [09:25:25]---
2026-05-10 09:25:25,930 - CPU Usage    : 0.0%
2026-05-10 09:25:25,931 - RAM Usage    : 7.5%  (585 MB used)
2026-05-10 09:25:25,931 - Disk Usage   : 0.2% (2 GB used)
2026-05-10 09:25:30,932 - ---Stats [09:25:30]---
2026-05-10 09:25:30,932 - CPU Usage    : 0.0%
2026-05-10 09:25:30,932 - RAM Usage    : 7.5%  (585 MB used)
2026-05-10 09:25:30,932 - Disk Usage   : 0.2% (2 GB used)
2026-05-10 09:25:35,933 - ---Stats [09:25:35]---
2026-05-10 09:25:35,933 - CPU Usage    : 0.1%
2026-05-10 09:25:35,933 - RAM Usage    : 7.6%  (586 MB used)
2026-05-10 09:25:35,933 - Disk Usage   : 0.2% (2 GB used)
2026-05-10 09:25:40,935 - ---Stats [09:25:40]---
2026-05-10 09:25:40,935 - CPU Usage    : 0.0%
2026-05-10 09:25:40,935 - RAM Usage    : 7.6%  (586 MB used)
2026-05-10 09:25:40,935 - Disk Usage   : 0.2% (2 GB used)
2026-05-10 09:25:45,935 - ---Stats [09:25:45]---
2026-05-10 09:25:45,936 - CPU Usage    : 0.0%
2026-05-10 09:25:45,936 - RAM Usage    : 7.6%  (586 MB used)
2026-05-10 09:25:45,936 - Disk Usage   : 0.2% (2 GB used)
2026-05-10 09:25:50,937 - ---Stats [09:25:50]---
2026-05-10 09:25:50,937 - CPU Usage    : 0.8%
2026-05-10 09:25:50,951 - RAM Usage    : 7.6%  (592 MB used)
2026-05-10 09:25:50,951 - Disk Usage   : 0.2% (2 GB used)
2026-05-10 09:25:55,952 - ---Stats [09:25:55]---
2026-05-10 09:25:55,952 - CPU Usage    : 0.1%
2026-05-10 09:25:55,965 - RAM Usage    : 7.6%  (593 MB used)
2026-05-10 09:25:55,965 - Disk Usage   : 0.2% (2 GB used)
2026-05-10 09:26:00,967 - ---Stats [09:26:00]---
2026-05-10 09:26:00,967 - CPU Usage    : 0.2%
2026-05-10 09:26:00,967 - RAM Usage    : 7.6%  (592 MB used)
2026-05-10 09:26:00,981 - Disk Usage   : 0.2% (2 GB used)
2026-05-10 09:26:05,982 - ---Stats [09:26:05]---
2026-05-10 09:26:05,982 - CPU Usage    : 0.0%
2026-05-10 09:26:05,995 - RAM Usage    : 7.6%  (592 MB used)
2026-05-10 09:26:05,996 - Disk Usage   : 0.2% (2 GB used)
2026-05-10 09:26:10,997 - ---Stats [09:26:10]---
2026-05-10 09:26:10,998 - CPU Usage    : 0.0%
2026-05-10 09:26:11,011 - RAM Usage    : 7.6%  (592 MB used)
2026-05-10 09:26:11,012 - Disk Usage   : 0.2% (2 GB used)
2026-05-10 09:26:16,013 - ---Stats [09:26:16]---
2026-05-10 09:26:16,013 - CPU Usage    : 0.0%
2026-05-10 09:26:16,013 - RAM Usage    : 7.6%  (592 MB used)
2026-05-10 09:26:16,013 - Disk Usage   : 0.2% (2 GB used)
2026-05-10 09:26:17,676 - ---Stats [09:26:17]---
2026-05-10 09:26:17,676 - CPU Usage    : 6.9%
2026-05-10 09:26:17,676 - RAM Usage    : 7.8%  (607 MB used)
2026-05-10 09:26:17,676 - Disk Usage   : 0.2% (2 GB used)
2026-05-10 09:26:21,015 - ---Stats [09:26:21]---
2026-05-10 09:26:21,015 - CPU Usage    : 0.3%
2026-05-10 09:26:21,015 - RAM Usage    : 7.8%  (607 MB used)
2026-05-10 09:26:21,015 - Disk Usage   : 0.2% (2 GB used)
2026-05-10 09:26:22,678 - ---Stats [09:26:22]---
2026-05-10 09:26:22,679 - CPU Usage    : 0.2%
2026-05-10 09:26:22,681 - RAM Usage    : 7.8%  (607 MB used)
2026-05-10 09:26:22,681 - Disk Usage   : 0.2% (2 GB used)
2026-05-10 09:26:26,016 - ---Stats [09:26:26]---
2026-05-10 09:26:26,016 - CPU Usage    : 0.1%
2026-05-10 09:26:26,016 - RAM Usage    : 7.8%  (607 MB used)
2026-05-10 09:26:26,016 - Disk Usage   : 0.2% (2 GB used)
2026-05-10 09:26:27,682 - ---Stats [09:26:27]---
2026-05-10 09:26:27,682 - CPU Usage    : 0.0%
2026-05-10 09:26:27,682 - RAM Usage    : 7.8%  (607 MB used)
2026-05-10 09:26:27,682 - Disk Usage   : 0.2% (2 GB used)
2026-05-10 09:26:31,017 - ---Stats [09:26:31]---
2026-05-10 09:26:31,017 - CPU Usage    : 0.0%
2026-05-10 09:26:31,017 - RAM Usage    : 7.8%  (607 MB used)
2026-05-10 09:26:31,017 - Disk Usage   : 0.2% (2 GB used)
2026-05-10 09:26:32,683 - ---Stats [09:26:32]---
2026-05-10 09:26:32,683 - CPU Usage    : 0.1%
2026-05-10 09:26:32,683 - RAM Usage    : 7.8%  (607 MB used)
2026-05-10 09:26:32,683 - Disk Usage   : 0.2% (2 GB used)
2026-05-10 09:26:36,018 - ---Stats [09:26:36]---
2026-05-10 09:26:36,018 - CPU Usage    : 0.1%
2026-05-10 09:26:36,019 - RAM Usage    : 7.8%  (607 MB used)
2026-05-10 09:26:36,019 - Disk Usage   : 0.2% (2 GB used)
2026-05-10 09:26:37,686 - ---Stats [09:26:37]---
2026-05-10 09:26:37,686 - CPU Usage    : 0.0%
2026-05-10 09:26:37,686 - RAM Usage    : 7.8%  (607 MB used)
2026-05-10 09:26:37,686 - Disk Usage   : 0.2% (2 GB used)
2026-05-10 09:26:41,019 - ---Stats [09:26:41]---
2026-05-10 09:26:41,020 - CPU Usage    : 0.0%
2026-05-10 09:26:41,020 - RAM Usage    : 7.8%  (607 MB used)
2026-05-10 09:26:41,020 - Disk Usage   : 0.2% (2 GB used)
2026-05-10 09:26:46,021 - ---Stats [09:26:46]---
2026-05-10 09:26:46,021 - CPU Usage    : 0.1%
2026-05-10 09:26:46,021 - RAM Usage    : 7.6%  (593 MB used)
2026-05-10 09:26:46,021 - Disk Usage   : 0.2% (2 GB used)
2026-05-10 09:26:51,021 - ---Stats [09:26:51]---
2026-05-10 09:26:51,021 - CPU Usage    : 0.9%
2026-05-10 09:26:51,034 - RAM Usage    : 8.4%  (652 MB used)
2026-05-10 09:26:51,035 - Disk Usage   : 0.2% (2 GB used)
2026-05-10 09:26:56,036 - ---Stats [09:26:56]---
2026-05-10 09:26:56,036 - CPU Usage    : 0.0%
2026-05-10 09:26:56,050 - RAM Usage    : 8.4%  (652 MB used)
2026-05-10 09:26:56,050 - Disk Usage   : 0.2% (2 GB used)
2026-05-10 09:27:01,051 - ---Stats [09:27:01]---
2026-05-10 09:27:01,051 - CPU Usage    : 1.1%
2026-05-10 09:27:01,051 - RAM Usage    : 8.5%  (662 MB used)
2026-05-10 09:27:01,051 - Disk Usage   : 0.2% (2 GB used)
2026-05-10 09:27:06,052 - ---Stats [09:27:06]---
2026-05-10 09:27:06,053 - CPU Usage    : 0.1%
2026-05-10 09:27:06,053 - RAM Usage    : 8.5%  (662 MB used)
2026-05-10 09:27:06,053 - Disk Usage   : 0.2% (2 GB used)
2026-05-10 09:27:11,054 - ---Stats [09:27:11]---
2026-05-10 09:27:11,055 - CPU Usage    : 0.1%
2026-05-10 09:27:11,056 - RAM Usage    : 8.5%  (660 MB used)
2026-05-10 09:27:11,057 - Disk Usage   : 0.2% (2 GB used)
2026-05-10 09:27:16,058 - ---Stats [09:27:16]---
2026-05-10 09:27:16,059 - CPU Usage    : 0.3%
2026-05-10 09:27:16,072 - RAM Usage    : 8.5%  (663 MB used)
2026-05-10 09:27:16,072 - Disk Usage   : 0.2% (2 GB used)
2026-05-10 09:27:21,073 - ---Stats [09:27:21]---
2026-05-10 09:27:21,074 - CPU Usage    : 0.1%
2026-05-10 09:27:21,087 - RAM Usage    : 8.5%  (662 MB used)
2026-05-10 09:27:21,087 - Disk Usage   : 0.2% (2 GB used)
2026-05-10 09:27:26,088 - ---Stats [09:27:26]---
2026-05-10 09:27:26,089 - CPU Usage    : 0.1%
2026-05-10 09:27:26,089 - RAM Usage    : 8.8%  (681 MB used)
2026-05-10 09:27:26,092 - Disk Usage   : 0.2% (2 GB used)
2026-05-10 09:27:31,093 - ---Stats [09:27:31]---
2026-05-10 09:27:31,093 - CPU Usage    : 0.1%
2026-05-10 09:27:31,107 - RAM Usage    : 8.8%  (682 MB used)
2026-05-10 09:27:31,107 - Disk Usage   : 0.2% (2 GB used)
2026-05-10 09:27:36,108 - ---Stats [09:27:36]---
2026-05-10 09:27:36,109 - CPU Usage    : 0.1%
2026-05-10 09:27:36,109 - RAM Usage    : 8.8%  (682 MB used)
2026-05-10 09:27:36,121 - Disk Usage   : 0.2% (2 GB used)
2026-05-10 09:27:41,122 - ---Stats [09:27:41]---
2026-05-10 09:27:41,122 - CPU Usage    : 0.1%
2026-05-10 09:27:41,123 - RAM Usage    : 8.8%  (682 MB used)
2026-05-10 09:27:41,124 - Disk Usage   : 0.2% (2 GB used)
2026-05-10 09:27:46,125 - ---Stats [09:27:46]---
2026-05-10 09:27:46,126 - CPU Usage    : 0.1%
2026-05-10 09:27:46,139 - RAM Usage    : 8.8%  (683 MB used)
2026-05-10 09:27:46,139 - Disk Usage   : 0.2% (2 GB used)
2026-05-10 09:27:51,140 - ---Stats [09:27:51]---
2026-05-10 09:27:51,141 - CPU Usage    : 0.2%
2026-05-10 09:27:51,141 - RAM Usage    : 8.8%  (682 MB used)
2026-05-10 09:27:51,141 - Disk Usage   : 0.2% (2 GB used)
2026-05-10 09:27:56,142 - ---Stats [09:27:56]---
2026-05-10 09:27:56,142 - CPU Usage    : 0.1%
2026-05-10 09:27:56,142 - RAM Usage    : 8.8%  (682 MB used)
2026-05-10 09:27:56,143 - Disk Usage   : 0.2% (2 GB used)
2026-05-10 09:28:01,143 - ---Stats [09:28:01]---
2026-05-10 09:28:01,144 - CPU Usage    : 0.2%
2026-05-10 09:28:01,144 - RAM Usage    : 8.8%  (681 MB used)
2026-05-10 09:28:01,144 - Disk Usage   : 0.2% (2 GB used)
2026-05-10 09:28:06,145 - ---Stats [09:28:06]---
2026-05-10 09:28:06,146 - CPU Usage    : 0.1%
2026-05-10 09:28:06,146 - RAM Usage    : 8.8%  (682 MB used)
2026-05-10 09:28:06,146 - Disk Usage   : 0.2% (2 GB used)
2026-05-10 09:28:11,146 - ---Stats [09:28:11]---
2026-05-10 09:28:11,147 - CPU Usage    : 0.1%
2026-05-10 09:28:11,147 - RAM Usage    : 8.8%  (683 MB used)
2026-05-10 09:28:11,147 - Disk Usage   : 0.2% (2 GB used)
2026-05-10 09:28:16,148 - ---Stats [09:28:16]---
2026-05-10 09:28:16,148 - CPU Usage    : 0.1%
2026-05-10 09:28:16,148 - RAM Usage    : 8.8%  (683 MB used)
2026-05-10 09:28:16,148 - Disk Usage   : 0.2% (2 GB used)
2026-05-10 09:28:21,150 - ---Stats [09:28:21]---
2026-05-10 09:28:21,150 - CPU Usage    : 0.1%
2026-05-10 09:28:21,163 - RAM Usage    : 8.8%  (682 MB used)
2026-05-10 09:28:21,163 - Disk Usage   : 0.2% (2 GB used)
2026-05-10 09:28:26,164 - ---Stats [09:28:26]---
2026-05-10 09:28:26,164 - CPU Usage    : 0.2%
2026-05-10 09:28:26,165 - RAM Usage    : 8.8%  (683 MB used)
2026-05-10 09:28:26,165 - Disk Usage   : 0.2% (2 GB used)
2026-05-10 09:28:31,166 - ---Stats [09:28:31]---
2026-05-10 09:28:31,166 - CPU Usage    : 0.2%
2026-05-10 09:28:31,166 - RAM Usage    : 8.8%  (683 MB used)
2026-05-10 09:28:31,166 - Disk Usage   : 0.2% (2 GB used)
2026-05-10 09:28:36,167 - ---Stats [09:28:36]---
2026-05-10 09:28:36,167 - CPU Usage    : 0.1%
2026-05-10 09:28:36,167 - RAM Usage    : 8.8%  (683 MB used)
2026-05-10 09:28:36,167 - Disk Usage   : 0.2% (2 GB used)
2026-05-10 09:28:41,168 - ---Stats [09:28:41]---
2026-05-10 09:28:41,168 - CPU Usage    : 0.1%
2026-05-10 09:28:41,168 - RAM Usage    : 8.8%  (682 MB used)
2026-05-10 09:28:41,168 - Disk Usage   : 0.2% (2 GB used)
2026-05-10 09:28:46,169 - ---Stats [09:28:46]---
2026-05-10 09:28:46,169 - CPU Usage    : 0.2%
2026-05-10 09:28:46,169 - RAM Usage    : 8.8%  (682 MB used)
2026-05-10 09:28:46,169 - Disk Usage   : 0.2% (2 GB used)
2026-05-10 09:28:51,170 - ---Stats [09:28:51]---
2026-05-10 09:28:51,170 - CPU Usage    : 0.1%
2026-05-10 09:28:51,170 - RAM Usage    : 8.8%  (681 MB used)
2026-05-10 09:28:51,170 - Disk Usage   : 0.2% (2 GB used)
2026-05-10 09:28:56,172 - ---Stats [09:28:56]---
2026-05-10 09:28:56,173 - CPU Usage    : 0.1%
2026-05-10 09:28:56,173 - RAM Usage    : 8.8%  (682 MB used)
2026-05-10 09:28:56,173 - Disk Usage   : 0.2% (2 GB used)
2026-05-10 09:29:01,174 - ---Stats [09:29:01]---
2026-05-10 09:29:01,174 - CPU Usage    : 0.2%
2026-05-10 09:29:01,174 - RAM Usage    : 8.8%  (682 MB used)
2026-05-10 09:29:01,175 - Disk Usage   : 0.2% (2 GB used)
2026-05-10 09:29:06,176 - ---Stats [09:29:06]---
2026-05-10 09:29:06,177 - CPU Usage    : 0.1%
2026-05-10 09:29:06,189 - RAM Usage    : 8.8%  (684 MB used)
2026-05-10 09:29:06,189 - Disk Usage   : 0.2% (2 GB used)
2026-05-10 09:29:11,190 - ---Stats [09:29:11]---
2026-05-10 09:29:11,191 - CPU Usage    : 0.1%
2026-05-10 09:29:11,191 - RAM Usage    : 8.8%  (684 MB used)
2026-05-10 09:29:11,191 - Disk Usage   : 0.2% (2 GB used)
2026-05-10 09:29:16,206 - ---Stats [09:29:16]---
2026-05-10 09:29:16,206 - CPU Usage    : 0.1%
2026-05-10 09:29:16,207 - RAM Usage    : 8.8%  (685 MB used)
2026-05-10 09:29:16,207 - Disk Usage   : 0.2% (2 GB used)
2026-05-10 09:29:21,208 - ---Stats [09:29:21]---
2026-05-10 09:29:21,208 - CPU Usage    : 0.3%
2026-05-10 09:29:21,208 - RAM Usage    : 8.8%  (685 MB used)
2026-05-10 09:29:21,208 - Disk Usage   : 0.2% (2 GB used)
2026-05-10 09:29:26,210 - ---Stats [09:29:26]---
2026-05-10 09:29:26,210 - CPU Usage    : 0.1%
2026-05-10 09:29:26,211 - RAM Usage    : 8.8%  (685 MB used)
2026-05-10 09:29:26,211 - Disk Usage   : 0.2% (2 GB used)
2026-05-10 09:29:31,212 - ---Stats [09:29:31]---
2026-05-10 09:29:31,212 - CPU Usage    : 0.2%
2026-05-10 09:29:31,212 - RAM Usage    : 8.8%  (684 MB used)
2026-05-10 09:29:31,212 - Disk Usage   : 0.2% (2 GB used)
2026-05-10 09:29:36,213 - ---Stats [09:29:36]---
2026-05-10 09:29:36,214 - CPU Usage    : 0.0%
2026-05-10 09:29:36,214 - RAM Usage    : 8.8%  (684 MB used)
2026-05-10 09:29:36,214 - Disk Usage   : 0.2% (2 GB used)
2026-05-10 09:29:41,214 - ---Stats [09:29:41]---
2026-05-10 09:29:41,215 - CPU Usage    : 0.2%
2026-05-10 09:29:41,215 - RAM Usage    : 8.8%  (684 MB used)
2026-05-10 09:29:41,215 - Disk Usage   : 0.2% (2 GB used)
2026-05-10 09:29:46,215 - ---Stats [09:29:46]---
2026-05-10 09:29:46,216 - CPU Usage    : 0.1%
2026-05-10 09:29:46,216 - RAM Usage    : 8.8%  (683 MB used)
2026-05-10 09:29:46,216 - Disk Usage   : 0.2% (2 GB used)
2026-05-10 09:29:51,217 - ---Stats [09:29:51]---
2026-05-10 09:29:51,230 - CPU Usage    : 0.1%
2026-05-10 09:29:51,230 - RAM Usage    : 8.8%  (683 MB used)
2026-05-10 09:29:51,230 - Disk Usage   : 0.2% (2 GB used)
2026-05-10 09:29:56,231 - ---Stats [09:29:56]---
2026-05-10 09:29:56,231 - CPU Usage    : 0.1%
2026-05-10 09:29:56,231 - RAM Usage    : 8.8%  (683 MB used)
2026-05-10 09:29:56,244 - Disk Usage   : 0.2% (2 GB used)
2026-05-10 09:30:01,246 - ---Stats [09:30:01]---
2026-05-10 09:30:01,247 - CPU Usage    : 0.1%
2026-05-10 09:30:01,247 - RAM Usage    : 8.8%  (683 MB used)
2026-05-10 09:30:01,247 - Disk Usage   : 0.2% (2 GB used)
2026-05-10 09:30:06,248 - ---Stats [09:30:06]---
2026-05-10 09:30:06,248 - CPU Usage    : 0.0%
2026-05-10 09:30:06,251 - RAM Usage    : 8.8%  (683 MB used)
2026-05-10 09:30:06,251 - Disk Usage   : 0.2% (2 GB used)
2026-05-10 09:30:11,252 - ---Stats [09:30:11]---
2026-05-10 09:30:11,252 - CPU Usage    : 0.0%
2026-05-10 09:30:11,252 - RAM Usage    : 8.8%  (683 MB used)
2026-05-10 09:30:11,252 - Disk Usage   : 0.2% (2 GB used)
2026-05-10 09:30:16,266 - ---Stats [09:30:16]---
2026-05-10 09:30:16,267 - CPU Usage    : 0.1%
2026-05-10 09:30:16,280 - RAM Usage    : 8.8%  (684 MB used)
2026-05-10 09:30:16,280 - Disk Usage   : 0.2% (2 GB used)
2026-05-10 09:30:21,281 - ---Stats [09:30:21]---
2026-05-10 09:30:21,281 - CPU Usage    : 0.1%
2026-05-10 09:30:21,282 - RAM Usage    : 8.8%  (682 MB used)
2026-05-10 09:30:21,282 - Disk Usage   : 0.2% (2 GB used)
2026-05-10 09:30:26,283 - ---Stats [09:30:26]---
2026-05-10 09:30:26,283 - CPU Usage    : 0.1%
2026-05-10 09:30:26,283 - RAM Usage    : 8.8%  (682 MB used)
2026-05-10 09:30:26,283 - Disk Usage   : 0.2% (2 GB used)
2026-05-10 09:30:31,283 - ---Stats [09:30:31]---
2026-05-10 09:30:31,283 - CPU Usage    : 0.1%
2026-05-10 09:30:31,283 - RAM Usage    : 8.8%  (683 MB used)
2026-05-10 09:30:31,283 - Disk Usage   : 0.2% (2 GB used)
2026-05-10 09:30:36,284 - ---Stats [09:30:36]---
2026-05-10 09:30:36,284 - CPU Usage    : 0.1%
2026-05-10 09:30:36,284 - RAM Usage    : 8.8%  (683 MB used)
2026-05-10 09:30:36,298 - Disk Usage   : 0.2% (2 GB used)
2026-05-10 09:30:41,299 - ---Stats [09:30:41]---
2026-05-10 09:30:41,300 - CPU Usage    : 0.0%
2026-05-10 09:30:41,300 - RAM Usage    : 8.8%  (683 MB used)
2026-05-10 09:30:41,314 - Disk Usage   : 0.2% (2 GB used)
2026-05-10 09:30:46,315 - ---Stats [09:30:46]---
2026-05-10 09:30:46,315 - CPU Usage    : 0.0%
2026-05-10 09:30:46,328 - RAM Usage    : 8.8%  (683 MB used)
2026-05-10 09:30:46,328 - Disk Usage   : 0.2% (2 GB used)
2026-05-10 09:30:51,329 - ---Stats [09:30:51]---
2026-05-10 09:30:51,329 - CPU Usage    : 0.2%
2026-05-10 09:30:51,342 - RAM Usage    : 8.8%  (683 MB used)
2026-05-10 09:30:51,342 - Disk Usage   : 0.2% (2 GB used)
2026-05-10 09:30:56,343 - ---Stats [09:30:56]---
2026-05-10 09:30:56,343 - CPU Usage    : 0.1%
2026-05-10 09:30:56,343 - RAM Usage    : 8.8%  (685 MB used)
2026-05-10 09:30:56,344 - Disk Usage   : 0.2% (2 GB used)
2026-05-10 09:31:01,359 - ---Stats [09:31:01]---
2026-05-10 09:31:01,360 - CPU Usage    : 0.1%
2026-05-10 09:31:01,360 - RAM Usage    : 8.8%  (685 MB used)
2026-05-10 09:31:01,360 - Disk Usage   : 0.2% (2 GB used)
2026-05-10 09:31:06,361 - ---Stats [09:31:06]---
2026-05-10 09:31:06,362 - CPU Usage    : 0.1%
2026-05-10 09:31:06,362 - RAM Usage    : 8.8%  (683 MB used)
2026-05-10 09:31:06,362 - Disk Usage   : 0.2% (2 GB used)
2026-05-10 09:31:11,364 - ---Stats [09:31:11]---
2026-05-10 09:31:11,364 - CPU Usage    : 0.1%
2026-05-10 09:31:11,364 - RAM Usage    : 8.8%  (683 MB used)
2026-05-10 09:31:11,364 - Disk Usage   : 0.2% (2 GB used)
2026-05-10 09:31:16,366 - ---Stats [09:31:16]---
2026-05-10 09:31:16,366 - CPU Usage    : 0.1%
2026-05-10 09:31:16,366 - RAM Usage    : 8.8%  (684 MB used)
2026-05-10 09:31:16,367 - Disk Usage   : 0.2% (2 GB used)
2026-05-10 09:31:21,368 - ---Stats [09:31:21]---
2026-05-10 09:31:21,368 - CPU Usage    : 0.2%
2026-05-10 09:31:21,368 - RAM Usage    : 8.8%  (685 MB used)
2026-05-10 09:31:21,368 - Disk Usage   : 0.2% (2 GB used)
2026-05-10 09:31:26,369 - ---Stats [09:31:26]---
2026-05-10 09:31:26,369 - CPU Usage    : 0.1%
2026-05-10 09:31:26,369 - RAM Usage    : 8.8%  (684 MB used)
2026-05-10 09:31:26,370 - Disk Usage   : 0.2% (2 GB used)
2026-05-10 09:31:31,371 - ---Stats [09:31:31]---
2026-05-10 09:31:31,371 - CPU Usage    : 0.2%
2026-05-10 09:31:31,371 - RAM Usage    : 8.8%  (684 MB used)
2026-05-10 09:31:31,371 - Disk Usage   : 0.2% (2 GB used)
2026-05-10 09:31:36,372 - ---Stats [09:31:36]---
2026-05-10 09:31:36,373 - CPU Usage    : 0.1%
2026-05-10 09:31:36,373 - RAM Usage    : 8.8%  (685 MB used)
2026-05-10 09:31:36,373 - Disk Usage   : 0.2% (2 GB used)
2026-05-10 09:31:41,374 - ---Stats [09:31:41]---
2026-05-10 09:31:41,375 - CPU Usage    : 0.2%
2026-05-10 09:31:41,387 - RAM Usage    : 8.8%  (683 MB used)
2026-05-10 09:31:41,388 - Disk Usage   : 0.2% (2 GB used)
2026-05-10 09:31:46,389 - ---Stats [09:31:46]---
2026-05-10 09:31:46,389 - CPU Usage    : 0.1%
2026-05-10 09:31:46,390 - RAM Usage    : 8.8%  (683 MB used)
2026-05-10 09:31:46,390 - Disk Usage   : 0.2% (2 GB used)
2026-05-10 09:31:51,390 - ---Stats [09:31:51]---
2026-05-10 09:31:51,390 - CPU Usage    : 0.1%
2026-05-10 09:31:51,404 - RAM Usage    : 8.8%  (682 MB used)
2026-05-10 09:31:51,404 - Disk Usage   : 0.2% (2 GB used)
2026-05-10 09:31:56,406 - ---Stats [09:31:56]---
2026-05-10 09:31:56,419 - CPU Usage    : 0.0%
2026-05-10 09:31:56,419 - RAM Usage    : 8.8%  (680 MB used)
2026-05-10 09:31:56,419 - Disk Usage   : 0.2% (2 GB used)
2026-05-10 09:32:01,420 - ---Stats [09:32:01]---
2026-05-10 09:32:01,420 - CPU Usage    : 0.1%
2026-05-10 09:32:01,420 - RAM Usage    : 8.8%  (680 MB used)
2026-05-10 09:32:01,420 - Disk Usage   : 0.2% (2 GB used)
2026-05-10 09:32:06,420 - ---Stats [09:32:06]---
2026-05-10 09:32:06,420 - CPU Usage    : 0.1%
2026-05-10 09:32:06,420 - RAM Usage    : 8.7%  (678 MB used)
2026-05-10 09:32:06,421 - Disk Usage   : 0.2% (2 GB used)
2026-05-10 09:32:11,421 - ---Stats [09:32:11]---
2026-05-10 09:32:11,421 - CPU Usage    : 0.0%
2026-05-10 09:32:11,422 - RAM Usage    : 8.7%  (678 MB used)
2026-05-10 09:32:11,422 - Disk Usage   : 0.2% (2 GB used)
2026-05-10 09:32:16,423 - ---Stats [09:32:16]---
2026-05-10 09:32:16,423 - CPU Usage    : 0.1%
2026-05-10 09:32:16,423 - RAM Usage    : 8.8%  (679 MB used)
2026-05-10 09:32:16,423 - Disk Usage   : 0.2% (2 GB used)
2026-05-10 09:32:21,425 - ---Stats [09:32:21]---
2026-05-10 09:32:21,425 - CPU Usage    : 0.0%
2026-05-10 09:32:21,438 - RAM Usage    : 8.7%  (677 MB used)
2026-05-10 09:32:21,438 - Disk Usage   : 0.2% (2 GB used)
2026-05-10 09:32:26,439 - ---Stats [09:32:26]---
2026-05-10 09:32:26,439 - CPU Usage    : 0.0%
2026-05-10 09:32:26,452 - RAM Usage    : 8.7%  (677 MB used)
2026-05-10 09:32:26,452 - Disk Usage   : 0.2% (2 GB used)
2026-05-10 09:32:31,453 - ---Stats [09:32:31]---
2026-05-10 09:32:31,453 - CPU Usage    : 0.0%
2026-05-10 09:32:31,465 - RAM Usage    : 8.7%  (677 MB used)
2026-05-10 09:32:31,466 - Disk Usage   : 0.2% (2 GB used)
2026-05-10 09:32:36,466 - ---Stats [09:32:36]---
2026-05-10 09:32:36,467 - CPU Usage    : 0.0%
2026-05-10 09:32:36,479 - RAM Usage    : 8.7%  (678 MB used)
2026-05-10 09:32:36,480 - Disk Usage   : 0.2% (2 GB used)
2026-05-10 09:32:41,480 - ---Stats [09:32:41]---
2026-05-10 09:32:41,481 - CPU Usage    : 0.0%
2026-05-10 09:32:41,494 - RAM Usage    : 8.7%  (678 MB used)
2026-05-10 09:32:41,494 - Disk Usage   : 0.2% (2 GB used)
2026-05-10 09:32:46,495 - ---Stats [09:32:46]---
2026-05-10 09:32:46,495 - CPU Usage    : 0.1%
2026-05-10 09:32:46,496 - RAM Usage    : 8.7%  (678 MB used)
2026-05-10 09:32:46,496 - Disk Usage   : 0.2% (2 GB used)
2026-05-10 09:32:51,497 - ---Stats [09:32:51]---
2026-05-10 09:32:51,498 - CPU Usage    : 0.1%
2026-05-10 09:32:51,498 - RAM Usage    : 8.7%  (677 MB used)
2026-05-10 09:32:51,498 - Disk Usage   : 0.2% (2 GB used)
2026-05-10 09:32:56,499 - ---Stats [09:32:56]---
2026-05-10 09:32:56,499 - CPU Usage    : 0.1%
2026-05-10 09:32:56,499 - RAM Usage    : 8.7%  (677 MB used)
2026-05-10 09:32:56,499 - Disk Usage   : 0.2% (2 GB used)
2026-05-10 09:33:01,500 - ---Stats [09:33:01]---
2026-05-10 09:33:01,500 - CPU Usage    : 0.0%
2026-05-10 09:33:01,500 - RAM Usage    : 8.7%  (677 MB used)
2026-05-10 09:33:01,500 - Disk Usage   : 0.2% (2 GB used)
2026-05-10 09:33:06,501 - ---Stats [09:33:06]---
2026-05-10 09:33:06,501 - CPU Usage    : 0.1%
2026-05-10 09:33:06,501 - RAM Usage    : 8.7%  (677 MB used)
2026-05-10 09:33:06,501 - Disk Usage   : 0.2% (2 GB used)
2026-05-10 09:33:11,502 - ---Stats [09:33:11]---
2026-05-10 09:33:11,502 - CPU Usage    : 0.1%
2026-05-10 09:33:11,502 - RAM Usage    : 8.7%  (677 MB used)
2026-05-10 09:33:11,502 - Disk Usage   : 0.2% (2 GB used)
2026-05-10 09:33:16,503 - ---Stats [09:33:16]---
2026-05-10 09:33:16,503 - CPU Usage    : 0.1%
2026-05-10 09:33:16,505 - RAM Usage    : 8.8%  (679 MB used)
2026-05-10 09:33:16,506 - Disk Usage   : 0.2% (2 GB used)
2026-05-10 09:33:21,507 - ---Stats [09:33:21]---
2026-05-10 09:33:21,507 - CPU Usage    : 0.1%
2026-05-10 09:33:21,507 - RAM Usage    : 8.7%  (678 MB used)
2026-05-10 09:33:21,507 - Disk Usage   : 0.2% (2 GB used)
2026-05-10 09:33:26,508 - ---Stats [09:33:26]---
2026-05-10 09:33:26,508 - CPU Usage    : 0.1%
2026-05-10 09:33:26,508 - RAM Usage    : 8.7%  (678 MB used)
2026-05-10 09:33:26,508 - Disk Usage   : 0.2% (2 GB used)
2026-05-10 09:33:31,509 - ---Stats [09:33:31]---
2026-05-10 09:33:31,509 - CPU Usage    : 0.0%
2026-05-10 09:33:31,510 - RAM Usage    : 8.7%  (678 MB used)
2026-05-10 09:33:31,511 - Disk Usage   : 0.2% (2 GB used)
2026-05-10 09:33:36,511 - ---Stats [09:33:36]---
2026-05-10 09:33:36,511 - CPU Usage    : 0.1%
2026-05-10 09:33:36,512 - RAM Usage    : 8.8%  (679 MB used)
2026-05-10 09:33:36,512 - Disk Usage   : 0.2% (2 GB used)
2026-05-10 09:33:41,514 - ---Stats [09:33:41]---
2026-05-10 09:33:41,514 - CPU Usage    : 0.0%
2026-05-10 09:33:41,514 - RAM Usage    : 8.8%  (679 MB used)
2026-05-10 09:33:41,514 - Disk Usage   : 0.2% (2 GB used)
2026-05-10 09:33:46,515 - ---Stats [09:33:46]---
2026-05-10 09:33:46,515 - CPU Usage    : 0.1%
2026-05-10 09:33:46,515 - RAM Usage    : 8.8%  (679 MB used)
2026-05-10 09:33:46,515 - Disk Usage   : 0.2% (2 GB used)
2026-05-10 09:33:51,516 - ---Stats [09:33:51]---
2026-05-10 09:33:51,516 - CPU Usage    : 0.1%
2026-05-10 09:33:51,530 - RAM Usage    : 8.8%  (680 MB used)
2026-05-10 09:33:51,530 - Disk Usage   : 0.2% (2 GB used)
2026-05-10 09:33:56,531 - ---Stats [09:33:56]---
2026-05-10 09:33:56,531 - CPU Usage    : 0.0%
2026-05-10 09:33:56,545 - RAM Usage    : 8.8%  (680 MB used)
2026-05-10 09:33:56,545 - Disk Usage   : 0.2% (2 GB used)
2026-05-10 09:34:01,546 - ---Stats [09:34:01]---
2026-05-10 09:34:01,546 - CPU Usage    : 0.1%
2026-05-10 09:34:01,547 - RAM Usage    : 8.8%  (680 MB used)
2026-05-10 09:34:01,547 - Disk Usage   : 0.2% (2 GB used)
2026-05-10 09:34:06,548 - ---Stats [09:34:06]---
2026-05-10 09:34:06,548 - CPU Usage    : 0.1%
2026-05-10 09:34:06,548 - RAM Usage    : 8.8%  (680 MB used)
2026-05-10 09:34:06,548 - Disk Usage   : 0.2% (2 GB used)
2026-05-10 09:34:11,549 - ---Stats [09:34:11]---
2026-05-10 09:34:11,549 - CPU Usage    : 0.0%
2026-05-10 09:34:11,549 - RAM Usage    : 8.8%  (680 MB used)
2026-05-10 09:34:11,549 - Disk Usage   : 0.2% (2 GB used)
2026-05-10 09:34:16,549 - ---Stats [09:34:16]---
2026-05-10 09:34:16,550 - CPU Usage    : 0.1%
2026-05-10 09:34:16,550 - RAM Usage    : 8.8%  (681 MB used)
2026-05-10 09:34:16,550 - Disk Usage   : 0.2% (2 GB used)
2026-05-10 09:34:21,550 - ---Stats [09:34:21]---
2026-05-10 09:34:21,551 - CPU Usage    : 0.1%
2026-05-10 09:34:21,551 - RAM Usage    : 8.8%  (681 MB used)
2026-05-10 09:34:21,551 - Disk Usage   : 0.2% (2 GB used)
2026-05-10 09:34:26,552 - ---Stats [09:34:26]---
2026-05-10 09:34:26,552 - CPU Usage    : 0.0%
2026-05-10 09:34:26,565 - RAM Usage    : 8.8%  (681 MB used)
2026-05-10 09:34:26,565 - Disk Usage   : 0.2% (2 GB used)
2026-05-10 09:34:31,566 - ---Stats [09:34:31]---
2026-05-10 09:34:31,567 - CPU Usage    : 0.0%
2026-05-10 09:34:31,580 - RAM Usage    : 8.8%  (681 MB used)
2026-05-10 09:34:31,580 - Disk Usage   : 0.2% (2 GB used)
2026-05-10 09:34:36,581 - ---Stats [09:34:36]---
2026-05-10 09:34:36,581 - CPU Usage    : 0.1%
2026-05-10 09:34:36,581 - RAM Usage    : 8.8%  (680 MB used)
2026-05-10 09:34:36,581 - Disk Usage   : 0.2% (2 GB used)
2026-05-10 09:34:41,582 - ---Stats [09:34:41]---
2026-05-10 09:34:41,582 - CPU Usage    : 0.0%
2026-05-10 09:34:41,595 - RAM Usage    : 8.8%  (680 MB used)
2026-05-10 09:34:41,595 - Disk Usage   : 0.2% (2 GB used)
2026-05-10 09:34:46,596 - ---Stats [09:34:46]---
2026-05-10 09:34:46,596 - CPU Usage    : 0.0%
2026-05-10 09:34:46,596 - RAM Usage    : 8.8%  (680 MB used)
2026-05-10 09:34:46,596 - Disk Usage   : 0.2% (2 GB used)
2026-05-10 09:34:51,597 - ---Stats [09:34:51]---
2026-05-10 09:34:51,598 - CPU Usage    : 0.0%
2026-05-10 09:34:51,598 - RAM Usage    : 8.8%  (680 MB used)
2026-05-10 09:34:51,598 - Disk Usage   : 0.2% (2 GB used)
2026-05-10 09:34:56,598 - ---Stats [09:34:56]---
2026-05-10 09:34:56,599 - CPU Usage    : 0.0%
2026-05-10 09:34:56,612 - RAM Usage    : 8.8%  (680 MB used)
2026-05-10 09:34:56,613 - Disk Usage   : 0.2% (2 GB used)
2026-05-10 09:35:01,614 - ---Stats [09:35:01]---
2026-05-10 09:35:01,614 - CPU Usage    : 0.1%
2026-05-10 09:35:01,627 - RAM Usage    : 8.8%  (680 MB used)
2026-05-10 09:35:01,627 - Disk Usage   : 0.2% (2 GB used)
2026-05-10 09:35:06,628 - ---Stats [09:35:06]---
2026-05-10 09:35:06,629 - CPU Usage    : 0.1%
2026-05-10 09:35:06,641 - RAM Usage    : 8.8%  (681 MB used)
2026-05-10 09:35:06,641 - Disk Usage   : 0.2% (2 GB used)
2026-05-10 09:35:11,642 - ---Stats [09:35:11]---
2026-05-10 09:35:11,643 - CPU Usage    : 0.1%
2026-05-10 09:35:11,643 - RAM Usage    : 8.8%  (681 MB used)
2026-05-10 09:35:11,643 - Disk Usage   : 0.2% (2 GB used)
2026-05-10 09:35:16,644 - ---Stats [09:35:16]---
2026-05-10 09:35:16,644 - CPU Usage    : 0.1%
2026-05-10 09:35:16,644 - RAM Usage    : 8.8%  (681 MB used)
2026-05-10 09:35:16,644 - Disk Usage   : 0.2% (2 GB used)
2026-05-10 09:35:21,646 - ---Stats [09:35:21]---
2026-05-10 09:35:21,646 - CPU Usage    : 0.1%
2026-05-10 09:35:21,659 - RAM Usage    : 8.8%  (681 MB used)
2026-05-10 09:35:21,659 - Disk Usage   : 0.2% (2 GB used)
2026-05-10 09:35:26,660 - ---Stats [09:35:26]---
2026-05-10 09:35:26,661 - CPU Usage    : 0.1%
2026-05-10 09:35:26,661 - RAM Usage    : 8.8%  (681 MB used)
2026-05-10 09:35:26,661 - Disk Usage   : 0.2% (2 GB used)
2026-05-10 09:35:31,662 - ---Stats [09:35:31]---
2026-05-10 09:35:31,662 - CPU Usage    : 0.1%
2026-05-10 09:35:31,676 - RAM Usage    : 8.8%  (681 MB used)
2026-05-10 09:35:31,676 - Disk Usage   : 0.2% (2 GB used)
2026-05-10 09:35:36,677 - ---Stats [09:35:36]---
2026-05-10 09:35:36,678 - CPU Usage    : 0.1%
2026-05-10 09:35:36,690 - RAM Usage    : 8.8%  (682 MB used)
2026-05-10 09:35:36,690 - Disk Usage   : 0.2% (2 GB used)
2026-05-10 09:35:41,691 - ---Stats [09:35:41]---
2026-05-10 09:35:41,691 - CPU Usage    : 0.0%
2026-05-10 09:35:41,705 - RAM Usage    : 8.8%  (682 MB used)
2026-05-10 09:35:41,705 - Disk Usage   : 0.2% (2 GB used)
2026-05-10 09:35:46,706 - ---Stats [09:35:46]---
2026-05-10 09:35:46,706 - CPU Usage    : 0.1%
2026-05-10 09:35:46,719 - RAM Usage    : 8.8%  (682 MB used)
2026-05-10 09:35:46,719 - Disk Usage   : 0.2% (2 GB used)
2026-05-10 09:35:51,721 - ---Stats [09:35:51]---
2026-05-10 09:35:51,721 - CPU Usage    : 0.1%
2026-05-10 09:35:51,735 - RAM Usage    : 8.8%  (682 MB used)
2026-05-10 09:35:51,735 - Disk Usage   : 0.2% (2 GB used)
2026-05-10 09:35:56,736 - ---Stats [09:35:56]---
2026-05-10 09:35:56,736 - CPU Usage    : 0.1%
2026-05-10 09:35:56,749 - RAM Usage    : 8.8%  (682 MB used)
2026-05-10 09:35:56,750 - Disk Usage   : 0.2% (2 GB used)
2026-05-10 09:36:01,750 - ---Stats [09:36:01]---
2026-05-10 09:36:01,751 - CPU Usage    : 0.0%
2026-05-10 09:36:01,751 - RAM Usage    : 8.8%  (682 MB used)
2026-05-10 09:36:01,751 - Disk Usage   : 0.2% (2 GB used)
2026-05-10 09:36:06,751 - ---Stats [09:36:06]---
2026-05-10 09:36:06,752 - CPU Usage    : 0.1%
2026-05-10 09:36:06,752 - RAM Usage    : 8.8%  (680 MB used)
2026-05-10 09:36:06,752 - Disk Usage   : 0.2% (2 GB used)
2026-05-10 09:36:11,752 - ---Stats [09:36:11]---
2026-05-10 09:36:11,753 - CPU Usage    : 0.1%
2026-05-10 09:36:11,753 - RAM Usage    : 8.8%  (680 MB used)
2026-05-10 09:36:11,753 - Disk Usage   : 0.2% (2 GB used)
2026-05-10 09:36:16,754 - ---Stats [09:36:16]---
2026-05-10 09:36:16,754 - CPU Usage    : 0.1%
2026-05-10 09:36:16,768 - RAM Usage    : 8.7%  (679 MB used)
2026-05-10 09:36:16,768 - Disk Usage   : 0.2% (2 GB used)
2026-05-10 09:36:21,769 - ---Stats [09:36:21]---
2026-05-10 09:36:21,769 - CPU Usage    : 0.1%
2026-05-10 09:36:21,783 - RAM Usage    : 8.7%  (679 MB used)
2026-05-10 09:36:21,783 - Disk Usage   : 0.2% (2 GB used)
2026-05-10 09:36:26,784 - ---Stats [09:36:26]---
2026-05-10 09:36:26,784 - CPU Usage    : 0.1%
2026-05-10 09:36:26,784 - RAM Usage    : 8.7%  (679 MB used)
2026-05-10 09:36:26,784 - Disk Usage   : 0.2% (2 GB used)
2026-05-10 09:36:31,785 - ---Stats [09:36:31]---
2026-05-10 09:36:31,785 - CPU Usage    : 0.1%
2026-05-10 09:36:31,785 - RAM Usage    : 8.8%  (680 MB used)
2026-05-10 09:36:31,785 - Disk Usage   : 0.2% (2 GB used)
2026-05-10 09:36:36,786 - ---Stats [09:36:36]---
2026-05-10 09:36:36,786 - CPU Usage    : 0.1%
2026-05-10 09:36:36,799 - RAM Usage    : 8.8%  (680 MB used)
2026-05-10 09:36:36,799 - Disk Usage   : 0.2% (2 GB used)
2026-05-10 09:36:41,800 - ---Stats [09:36:41]---
2026-05-10 09:36:41,801 - CPU Usage    : 0.1%
2026-05-10 09:36:41,814 - RAM Usage    : 8.8%  (680 MB used)
2026-05-10 09:36:41,814 - Disk Usage   : 0.2% (2 GB used)
2026-05-10 09:36:46,815 - ---Stats [09:36:46]---
2026-05-10 09:36:46,815 - CPU Usage    : 0.0%
2026-05-10 09:36:46,815 - RAM Usage    : 8.8%  (681 MB used)
2026-05-10 09:36:46,815 - Disk Usage   : 0.2% (2 GB used)
2026-05-10 09:36:51,816 - ---Stats [09:36:51]---
2026-05-10 09:36:51,816 - CPU Usage    : 0.1%
2026-05-10 09:36:51,830 - RAM Usage    : 8.8%  (681 MB used)
2026-05-10 09:36:51,831 - Disk Usage   : 0.2% (2 GB used)
2026-05-10 09:36:56,831 - ---Stats [09:36:56]---
2026-05-10 09:36:56,831 - CPU Usage    : 0.0%
2026-05-10 09:36:56,832 - RAM Usage    : 8.8%  (681 MB used)
2026-05-10 09:36:56,832 - Disk Usage   : 0.2% (2 GB used)
2026-05-10 09:37:01,833 - ---Stats [09:37:01]---
2026-05-10 09:37:01,833 - CPU Usage    : 0.0%
2026-05-10 09:37:01,846 - RAM Usage    : 8.8%  (681 MB used)
2026-05-10 09:37:01,847 - Disk Usage   : 0.2% (2 GB used)
2026-05-10 09:37:06,848 - ---Stats [09:37:06]---
2026-05-10 09:37:06,848 - CPU Usage    : 0.1%
2026-05-10 09:37:06,848 - RAM Usage    : 8.8%  (681 MB used)
2026-05-10 09:37:06,848 - Disk Usage   : 0.2% (2 GB used)
2026-05-10 09:37:11,848 - ---Stats [09:37:11]---
2026-05-10 09:37:11,849 - CPU Usage    : 0.0%
2026-05-10 09:37:11,849 - RAM Usage    : 8.8%  (681 MB used)
2026-05-10 09:37:11,849 - Disk Usage   : 0.2% (2 GB used)
2026-05-10 09:37:16,849 - ---Stats [09:37:16]---
2026-05-10 09:37:16,850 - CPU Usage    : 0.1%
2026-05-10 09:37:16,862 - RAM Usage    : 8.8%  (682 MB used)
2026-05-10 09:37:16,863 - Disk Usage   : 0.2% (2 GB used)
2026-05-10 09:37:21,863 - ---Stats [09:37:21]---
2026-05-10 09:37:21,864 - CPU Usage    : 0.1%
2026-05-10 09:37:21,878 - RAM Usage    : 8.8%  (680 MB used)
2026-05-10 09:37:21,878 - Disk Usage   : 0.2% (2 GB used)
2026-05-10 09:37:26,879 - ---Stats [09:37:26]---
2026-05-10 09:37:26,879 - CPU Usage    : 0.1%
2026-05-10 09:37:26,892 - RAM Usage    : 8.8%  (680 MB used)
2026-05-10 09:37:26,892 - Disk Usage   : 0.2% (2 GB used)
2026-05-10 09:37:31,893 - ---Stats [09:37:31]---
2026-05-10 09:37:31,893 - CPU Usage    : 0.1%
2026-05-10 09:37:31,893 - RAM Usage    : 8.8%  (681 MB used)
2026-05-10 09:37:31,906 - Disk Usage   : 0.2% (2 GB used)
2026-05-10 09:37:36,907 - ---Stats [09:37:36]---
2026-05-10 09:37:36,907 - CPU Usage    : 0.0%
2026-05-10 09:37:36,907 - RAM Usage    : 8.8%  (681 MB used)
2026-05-10 09:37:36,907 - Disk Usage   : 0.2% (2 GB used)
2026-05-10 09:37:41,908 - ---Stats [09:37:41]---
2026-05-10 09:37:41,908 - CPU Usage    : 0.0%
2026-05-10 09:37:41,908 - RAM Usage    : 8.8%  (681 MB used)
2026-05-10 09:37:41,908 - Disk Usage   : 0.2% (2 GB used)
2026-05-10 09:37:46,909 - ---Stats [09:37:46]---
2026-05-10 09:37:46,909 - CPU Usage    : 0.0%
2026-05-10 09:37:46,909 - RAM Usage    : 8.8%  (681 MB used)
2026-05-10 09:37:46,910 - Disk Usage   : 0.2% (2 GB used)
2026-05-10 09:37:51,911 - ---Stats [09:37:51]---
2026-05-10 09:37:51,911 - CPU Usage    : 0.1%
2026-05-10 09:37:51,911 - RAM Usage    : 8.8%  (681 MB used)
2026-05-10 09:37:51,911 - Disk Usage   : 0.2% (2 GB used)
2026-05-10 09:37:56,912 - ---Stats [09:37:56]---
2026-05-10 09:37:56,912 - CPU Usage    : 0.1%
2026-05-10 09:37:56,914 - RAM Usage    : 8.8%  (681 MB used)
2026-05-10 09:37:56,914 - Disk Usage   : 0.2% (2 GB used)
2026-05-10 09:38:01,915 - ---Stats [09:38:01]---
2026-05-10 09:38:01,915 - CPU Usage    : 0.0%
2026-05-10 09:38:01,929 - RAM Usage    : 8.8%  (681 MB used)
2026-05-10 09:38:01,929 - Disk Usage   : 0.2% (2 GB used)
2026-05-10 09:38:06,930 - ---Stats [09:38:06]---
2026-05-10 09:38:06,930 - CPU Usage    : 0.1%
2026-05-10 09:38:06,930 - RAM Usage    : 8.7%  (675 MB used)
2026-05-10 09:38:06,930 - Disk Usage   : 0.2% (2 GB used)
2026-05-10 09:38:11,931 - ---Stats [09:38:11]---
2026-05-10 09:38:11,931 - CPU Usage    : 0.1%
2026-05-10 09:38:11,931 - RAM Usage    : 8.7%  (675 MB used)
2026-05-10 09:38:11,931 - Disk Usage   : 0.2% (2 GB used)
2026-05-10 09:38:16,932 - ---Stats [09:38:16]---
2026-05-10 09:38:16,932 - CPU Usage    : 0.1%
2026-05-10 09:38:16,932 - RAM Usage    : 8.7%  (676 MB used)
2026-05-10 09:38:16,932 - Disk Usage   : 0.2% (2 GB used)
2026-05-10 09:38:21,933 - ---Stats [09:38:21]---
2026-05-10 09:38:21,933 - CPU Usage    : 0.1%
2026-05-10 09:38:21,934 - RAM Usage    : 8.7%  (676 MB used)
2026-05-10 09:38:21,934 - Disk Usage   : 0.2% (2 GB used)
2026-05-10 09:38:26,934 - ---Stats [09:38:26]---
2026-05-10 09:38:26,934 - CPU Usage    : 0.1%
2026-05-10 09:38:26,934 - RAM Usage    : 8.7%  (677 MB used)
2026-05-10 09:38:26,934 - Disk Usage   : 0.2% (2 GB used)
2026-05-10 09:38:31,935 - ---Stats [09:38:31]---
2026-05-10 09:38:31,935 - CPU Usage    : 0.1%
2026-05-10 09:38:31,935 - RAM Usage    : 8.7%  (677 MB used)
2026-05-10 09:38:31,936 - Disk Usage   : 0.2% (2 GB used)
2026-05-10 09:38:36,937 - ---Stats [09:38:36]---
2026-05-10 09:38:36,937 - CPU Usage    : 0.0%
2026-05-10 09:38:36,938 - RAM Usage    : 8.7%  (675 MB used)
2026-05-10 09:38:36,938 - Disk Usage   : 0.2% (2 GB used)
2026-05-10 09:38:41,938 - ---Stats [09:38:41]---
2026-05-10 09:38:41,939 - CPU Usage    : 0.1%
2026-05-10 09:38:41,940 - RAM Usage    : 8.7%  (675 MB used)
2026-05-10 09:38:41,940 - Disk Usage   : 0.2% (2 GB used)
2026-05-10 09:38:46,941 - ---Stats [09:38:46]---
2026-05-10 09:38:46,941 - CPU Usage    : 0.3%
2026-05-10 09:38:46,941 - RAM Usage    : 7.9%  (612 MB used)
2026-05-10 09:38:46,941 - Disk Usage   : 0.2% (2 GB used)
2026-05-10 09:38:51,941 - ---Stats [09:38:51]---
2026-05-10 09:38:51,942 - CPU Usage    : 0.1%
2026-05-10 09:38:51,942 - RAM Usage    : 7.9%  (613 MB used)
2026-05-10 09:38:51,942 - Disk Usage   : 0.2% (2 GB used)
2026-05-10 09:38:56,942 - ---Stats [09:38:56]---
2026-05-10 09:38:56,943 - CPU Usage    : 0.0%
2026-05-10 09:38:56,944 - RAM Usage    : 7.9%  (613 MB used)
2026-05-10 09:38:56,945 - Disk Usage   : 0.2% (2 GB used)
2026-05-10 09:39:01,946 - ---Stats [09:39:01]---
2026-05-10 09:39:01,946 - CPU Usage    : 0.0%
2026-05-10 09:39:01,958 - RAM Usage    : 7.9%  (613 MB used)
2026-05-10 09:39:01,959 - Disk Usage   : 0.2% (2 GB used)
2026-05-10 09:39:06,959 - ---Stats [09:39:06]---
2026-05-10 09:39:06,960 - CPU Usage    : 0.0%
2026-05-10 09:39:06,960 - RAM Usage    : 7.9%  (613 MB used)
2026-05-10 09:39:06,960 - Disk Usage   : 0.2% (2 GB used)
2026-05-10 09:39:11,962 - ---Stats [09:39:11]---
2026-05-10 09:39:11,962 - CPU Usage    : 0.0%
2026-05-10 09:39:11,962 - RAM Usage    : 7.9%  (614 MB used)
2026-05-10 09:39:11,962 - Disk Usage   : 0.2% (2 GB used)
2026-05-10 09:39:16,963 - ---Stats [09:39:16]---
2026-05-10 09:39:16,963 - CPU Usage    : 0.0%
2026-05-10 09:39:16,963 - RAM Usage    : 7.9%  (614 MB used)
2026-05-10 09:39:16,963 - Disk Usage   : 0.2% (2 GB used)
2026-05-10 09:39:21,964 - ---Stats [09:39:21]---
2026-05-10 09:39:21,964 - CPU Usage    : 0.0%
2026-05-10 09:39:21,965 - RAM Usage    : 7.9%  (612 MB used)
2026-05-10 09:39:21,965 - Disk Usage   : 0.2% (2 GB used)
2026-05-10 09:39:26,965 - ---Stats [09:39:26]---
2026-05-10 09:39:26,965 - CPU Usage    : 0.0%
2026-05-10 09:39:26,966 - RAM Usage    : 7.9%  (612 MB used)
2026-05-10 09:39:26,966 - Disk Usage   : 0.2% (2 GB used)
2026-05-10 09:39:31,966 - ---Stats [09:39:31]---
2026-05-10 09:39:31,967 - CPU Usage    : 0.0%
2026-05-10 09:39:31,967 - RAM Usage    : 7.9%  (612 MB used)
2026-05-10 09:39:31,967 - Disk Usage   : 0.2% (2 GB used)
2026-05-10 09:39:36,967 - ---Stats [09:39:36]---
2026-05-10 09:39:36,968 - CPU Usage    : 0.0%
2026-05-10 09:39:36,968 - RAM Usage    : 7.9%  (613 MB used)
2026-05-10 09:39:36,968 - Disk Usage   : 0.2% (2 GB used)
2026-05-10 09:39:41,968 - ---Stats [09:39:41]---
2026-05-10 09:39:41,968 - CPU Usage    : -0.0%
2026-05-10 09:39:41,968 - RAM Usage    : 7.9%  (613 MB used)
2026-05-10 09:39:41,968 - Disk Usage   : 0.2% (2 GB used)
2026-05-10 09:39:46,969 - ---Stats [09:39:46]---
2026-05-10 09:39:46,969 - CPU Usage    : 0.0%
2026-05-10 09:39:46,969 - RAM Usage    : 7.9%  (613 MB used)
2026-05-10 09:39:46,969 - Disk Usage   : 0.2% (2 GB used)
2026-05-10 09:39:51,970 - ---Stats [09:39:51]---
2026-05-10 09:39:51,984 - CPU Usage    : 0.1%
2026-05-10 09:39:51,984 - RAM Usage    : 7.9%  (611 MB used)
2026-05-10 09:39:51,984 - Disk Usage   : 0.2% (2 GB used)
2026-05-10 09:39:56,985 - ---Stats [09:39:56]---
2026-05-10 09:39:56,986 - CPU Usage    : 0.0%
2026-05-10 09:39:56,999 - RAM Usage    : 7.9%  (612 MB used)
2026-05-10 09:39:56,999 - Disk Usage   : 0.2% (2 GB used)
2026-05-10 09:40:02,000 - ---Stats [09:40:02]---
2026-05-10 09:40:02,000 - CPU Usage    : 0.0%
2026-05-10 09:40:02,000 - RAM Usage    : 7.9%  (612 MB used)
2026-05-10 09:40:02,000 - Disk Usage   : 0.2% (2 GB used)
2026-05-10 09:40:07,001 - ---Stats [09:40:07]---
2026-05-10 09:40:07,002 - CPU Usage    : 0.0%
2026-05-10 09:40:07,002 - RAM Usage    : 7.9%  (612 MB used)
2026-05-10 09:40:07,002 - Disk Usage   : 0.2% (2 GB used)
2026-05-10 09:40:12,002 - ---Stats [09:40:12]---
2026-05-10 09:40:12,003 - CPU Usage    : 0.0%
2026-05-10 09:40:12,003 - RAM Usage    : 7.9%  (612 MB used)
2026-05-10 09:40:12,003 - Disk Usage   : 0.2% (2 GB used)
2026-05-10 09:40:17,003 - ---Stats [09:40:17]---
2026-05-10 09:40:17,003 - CPU Usage    : 0.0%
2026-05-10 09:40:17,003 - RAM Usage    : 7.9%  (612 MB used)
2026-05-10 09:40:17,003 - Disk Usage   : 0.2% (2 GB used)
2026-05-10 09:40:22,004 - ---Stats [09:40:22]---
2026-05-10 09:40:22,005 - CPU Usage    : 0.1%
2026-05-10 09:40:22,018 - RAM Usage    : 7.9%  (612 MB used)
2026-05-10 09:40:22,018 - Disk Usage   : 0.2% (2 GB used)
2026-05-10 09:40:27,019 - ---Stats [09:40:27]---
2026-05-10 09:40:27,020 - CPU Usage    : 0.0%
2026-05-10 09:40:27,020 - RAM Usage    : 7.9%  (612 MB used)
2026-05-10 09:40:27,020 - Disk Usage   : 0.2% (2 GB used)
2026-05-10 09:40:32,021 - ---Stats [09:40:32]---
2026-05-10 09:40:32,021 - CPU Usage    : 0.1%
2026-05-10 09:40:32,021 - RAM Usage    : 7.9%  (613 MB used)
2026-05-10 09:40:32,022 - Disk Usage   : 0.2% (2 GB used)
2026-05-10 09:40:37,023 - ---Stats [09:40:37]---
2026-05-10 09:40:37,023 - CPU Usage    : 0.1%
2026-05-10 09:40:37,023 - RAM Usage    : 7.9%  (612 MB used)
2026-05-10 09:40:37,023 - Disk Usage   : 0.2% (2 GB used)
2026-05-10 09:40:42,024 - ---Stats [09:40:42]---
2026-05-10 09:40:42,024 - CPU Usage    : 0.0%
2026-05-10 09:40:42,025 - RAM Usage    : 7.9%  (612 MB used)
2026-05-10 09:40:42,025 - Disk Usage   : 0.2% (2 GB used)
2026-05-10 09:40:47,026 - ---Stats [09:40:47]---
2026-05-10 09:40:47,026 - CPU Usage    : 0.0%
2026-05-10 09:40:47,026 - RAM Usage    : 7.9%  (612 MB used)
2026-05-10 09:40:47,026 - Disk Usage   : 0.2% (2 GB used)
2026-05-10 09:40:52,028 - ---Stats [09:40:52]---
2026-05-10 09:40:52,028 - CPU Usage    : 0.0%
2026-05-10 09:40:52,028 - RAM Usage    : 7.9%  (612 MB used)
2026-05-10 09:40:52,028 - Disk Usage   : 0.2% (2 GB used)
2026-05-10 09:40:57,029 - ---Stats [09:40:57]---
2026-05-10 09:40:57,029 - CPU Usage    : 0.0%
2026-05-10 09:40:57,029 - RAM Usage    : 7.9%  (612 MB used)
2026-05-10 09:40:57,029 - Disk Usage   : 0.2% (2 GB used)
2026-05-10 09:41:02,030 - ---Stats [09:41:02]---
2026-05-10 09:41:02,031 - CPU Usage    : 0.0%
2026-05-10 09:41:02,031 - RAM Usage    : 7.9%  (612 MB used)
2026-05-10 09:41:02,045 - Disk Usage   : 0.2% (2 GB used)
2026-05-10 09:41:07,046 - ---Stats [09:41:07]---
2026-05-10 09:41:07,046 - CPU Usage    : 0.1%
2026-05-10 09:41:07,048 - RAM Usage    : 7.9%  (612 MB used)
2026-05-10 09:41:07,048 - Disk Usage   : 0.2% (2 GB used)
2026-05-10 09:41:12,049 - ---Stats [09:41:12]---
2026-05-10 09:41:12,050 - CPU Usage    : 0.0%
2026-05-10 09:41:12,051 - RAM Usage    : 7.9%  (612 MB used)
2026-05-10 09:41:12,051 - Disk Usage   : 0.2% (2 GB used)
2026-05-10 09:41:17,052 - ---Stats [09:41:17]---
2026-05-10 09:41:17,053 - CPU Usage    : 0.0%
2026-05-10 09:41:17,066 - RAM Usage    : 7.9%  (612 MB used)
2026-05-10 09:41:17,066 - Disk Usage   : 0.2% (2 GB used)
2026-05-10 09:41:22,067 - ---Stats [09:41:22]---
2026-05-10 09:41:22,068 - CPU Usage    : 0.0%
2026-05-10 09:41:22,082 - RAM Usage    : 7.9%  (613 MB used)
2026-05-10 09:41:22,082 - Disk Usage   : 0.2% (2 GB used)
2026-05-10 09:41:27,083 - ---Stats [09:41:27]---
2026-05-10 09:41:27,083 - CPU Usage    : 0.0%
2026-05-10 09:41:27,097 - RAM Usage    : 7.9%  (613 MB used)
2026-05-10 09:41:27,098 - Disk Usage   : 0.2% (2 GB used)
2026-05-10 09:41:32,099 - ---Stats [09:41:32]---
2026-05-10 09:41:32,099 - CPU Usage    : 0.1%
2026-05-10 09:41:32,099 - RAM Usage    : 7.9%  (613 MB used)
2026-05-10 09:41:32,099 - Disk Usage   : 0.2% (2 GB used)
2026-05-10 09:41:37,100 - ---Stats [09:41:37]---
2026-05-10 09:41:37,101 - CPU Usage    : 0.0%
2026-05-10 09:41:37,114 - RAM Usage    : 7.9%  (613 MB used)
2026-05-10 09:41:37,114 - Disk Usage   : 0.2% (2 GB used)
2026-05-10 09:41:42,115 - ---Stats [09:41:42]---
2026-05-10 09:41:42,115 - CPU Usage    : 0.0%
2026-05-10 09:41:42,115 - RAM Usage    : 7.9%  (613 MB used)
2026-05-10 09:41:42,115 - Disk Usage   : 0.2% (2 GB used)
2026-05-10 09:41:47,116 - ---Stats [09:41:47]---
2026-05-10 09:41:47,116 - CPU Usage    : 0.0%
2026-05-10 09:41:47,116 - RAM Usage    : 7.9%  (613 MB used)
2026-05-10 09:41:47,116 - Disk Usage   : 0.2% (2 GB used)
2026-05-10 09:41:52,117 - ---Stats [09:41:52]---
2026-05-10 09:41:52,118 - CPU Usage    : 0.0%
2026-05-10 09:41:52,131 - RAM Usage    : 7.9%  (613 MB used)
2026-05-10 09:41:52,131 - Disk Usage   : 0.2% (2 GB used)
2026-05-10 09:41:57,132 - ---Stats [09:41:57]---
2026-05-10 09:41:57,132 - CPU Usage    : 0.0%
2026-05-10 09:41:57,133 - RAM Usage    : 7.9%  (613 MB used)
2026-05-10 09:41:57,133 - Disk Usage   : 0.2% (2 GB used)
2026-05-10 09:42:02,135 - ---Stats [09:42:02]---
2026-05-10 09:42:02,135 - CPU Usage    : 0.0%
2026-05-10 09:42:02,149 - RAM Usage    : 7.9%  (613 MB used)
2026-05-10 09:42:02,149 - Disk Usage   : 0.2% (2 GB used)
2026-05-10 09:42:07,150 - ---Stats [09:42:07]---
2026-05-10 09:42:07,150 - CPU Usage    : 0.1%
2026-05-10 09:42:07,150 - RAM Usage    : 7.9%  (613 MB used)
2026-05-10 09:42:07,150 - Disk Usage   : 0.2% (2 GB used)
2026-05-10 09:42:12,151 - ---Stats [09:42:12]---
2026-05-10 09:42:12,151 - CPU Usage    : 0.0%
2026-05-10 09:42:12,164 - RAM Usage    : 7.9%  (613 MB used)
2026-05-10 09:42:12,164 - Disk Usage   : 0.2% (2 GB used)
2026-05-10 09:42:17,166 - ---Stats [09:42:17]---
2026-05-10 09:42:17,167 - CPU Usage    : 0.0%
2026-05-10 09:42:17,167 - RAM Usage    : 7.9%  (613 MB used)
2026-05-10 09:42:17,167 - Disk Usage   : 0.2% (2 GB used)
2026-05-10 09:42:22,168 - ---Stats [09:42:22]---
2026-05-10 09:42:22,168 - CPU Usage    : 0.0%
2026-05-10 09:42:22,169 - RAM Usage    : 7.9%  (613 MB used)
2026-05-10 09:42:22,169 - Disk Usage   : 0.2% (2 GB used)
2026-05-10 09:42:27,170 - ---Stats [09:42:27]---
2026-05-10 09:42:27,170 - CPU Usage    : 0.1%
2026-05-10 09:42:27,170 - RAM Usage    : 7.9%  (613 MB used)
2026-05-10 09:42:27,170 - Disk Usage   : 0.2% (2 GB used)
2026-05-10 09:42:32,171 - ---Stats [09:42:32]---
2026-05-10 09:42:32,172 - CPU Usage    : 0.0%
2026-05-10 09:42:32,172 - RAM Usage    : 7.9%  (613 MB used)
2026-05-10 09:42:32,172 - Disk Usage   : 0.2% (2 GB used)
2026-05-10 09:42:37,173 - ---Stats [09:42:37]---
2026-05-10 09:42:37,173 - CPU Usage    : 0.0%
2026-05-10 09:42:37,173 - RAM Usage    : 7.9%  (613 MB used)
2026-05-10 09:42:37,173 - Disk Usage   : 0.2% (2 GB used)
2026-05-10 09:42:42,174 - ---Stats [09:42:42]---
2026-05-10 09:42:42,175 - CPU Usage    : 0.0%
2026-05-10 09:42:42,175 - RAM Usage    : 7.9%  (613 MB used)
2026-05-10 09:42:42,175 - Disk Usage   : 0.2% (2 GB used)
2026-05-10 09:42:47,176 - ---Stats [09:42:47]---
2026-05-10 09:42:47,177 - CPU Usage    : 0.0%
2026-05-10 09:42:47,177 - RAM Usage    : 7.9%  (613 MB used)
2026-05-10 09:42:47,177 - Disk Usage   : 0.2% (2 GB used)
2026-05-10 09:42:52,179 - ---Stats [09:42:52]---
2026-05-10 09:42:52,179 - CPU Usage    : 0.1%
2026-05-10 09:42:52,179 - RAM Usage    : 7.9%  (613 MB used)
2026-05-10 09:42:52,180 - Disk Usage   : 0.2% (2 GB used)
2026-05-10 09:42:57,180 - ---Stats [09:42:57]---
2026-05-10 09:42:57,180 - CPU Usage    : 0.0%
2026-05-10 09:42:57,182 - RAM Usage    : 7.9%  (613 MB used)
2026-05-10 09:42:57,182 - Disk Usage   : 0.2% (2 GB used)
2026-05-10 09:43:02,183 - ---Stats [09:43:02]---
2026-05-10 09:43:02,183 - CPU Usage    : 0.0%
2026-05-10 09:43:02,183 - RAM Usage    : 7.9%  (613 MB used)
2026-05-10 09:43:02,183 - Disk Usage   : 0.2% (2 GB used)
2026-05-10 09:43:07,183 - ---Stats [09:43:07]---
2026-05-10 09:43:07,184 - CPU Usage    : 0.0%
2026-05-10 09:43:07,184 - RAM Usage    : 7.9%  (613 MB used)
2026-05-10 09:43:07,184 - Disk Usage   : 0.2% (2 GB used)
2026-05-10 09:43:12,185 - ---Stats [09:43:12]---
2026-05-10 09:43:12,185 - CPU Usage    : 0.0%
2026-05-10 09:43:12,188 - RAM Usage    : 7.9%  (613 MB used)
2026-05-10 09:43:12,188 - Disk Usage   : 0.2% (2 GB used)
2026-05-10 09:43:17,191 - ---Stats [09:43:17]---
2026-05-10 09:43:17,191 - CPU Usage    : 0.0%
2026-05-10 09:43:17,192 - RAM Usage    : 7.9%  (613 MB used)
2026-05-10 09:43:17,192 - Disk Usage   : 0.2% (2 GB used)
2026-05-10 09:43:22,193 - ---Stats [09:43:22]---
2026-05-10 09:43:22,194 - CPU Usage    : 0.1%
2026-05-10 09:43:22,194 - RAM Usage    : 7.9%  (613 MB used)
2026-05-10 09:43:22,194 - Disk Usage   : 0.2% (2 GB used)
2026-05-10 09:43:27,209 - ---Stats [09:43:27]---
2026-05-10 09:43:27,209 - CPU Usage    : 0.0%
2026-05-10 09:43:27,211 - RAM Usage    : 7.9%  (613 MB used)
2026-05-10 09:43:27,211 - Disk Usage   : 0.2% (2 GB used)
2026-05-10 09:43:32,212 - ---Stats [09:43:32]---
2026-05-10 09:43:32,212 - CPU Usage    : 0.1%
2026-05-10 09:43:32,225 - RAM Usage    : 7.9%  (614 MB used)
2026-05-10 09:43:32,225 - Disk Usage   : 0.2% (2 GB used)
2026-05-10 09:43:37,226 - ---Stats [09:43:37]---
2026-05-10 09:43:37,226 - CPU Usage    : 0.0%
2026-05-10 09:43:37,240 - RAM Usage    : 7.9%  (613 MB used)
2026-05-10 09:43:37,240 - Disk Usage   : 0.2% (2 GB used)
2026-05-10 09:43:42,241 - ---Stats [09:43:42]---
2026-05-10 09:43:42,241 - CPU Usage    : 0.0%
2026-05-10 09:43:42,254 - RAM Usage    : 7.9%  (611 MB used)
2026-05-10 09:43:42,254 - Disk Usage   : 0.2% (2 GB used)
2026-05-10 09:43:47,255 - ---Stats [09:43:47]---
2026-05-10 09:43:47,257 - CPU Usage    : 0.0%
2026-05-10 09:43:47,257 - RAM Usage    : 7.9%  (611 MB used)
2026-05-10 09:43:47,257 - Disk Usage   : 0.2% (2 GB used)
2026-05-10 09:43:52,259 - ---Stats [09:43:52]---
2026-05-10 09:43:52,259 - CPU Usage    : 0.0%
2026-05-10 09:43:52,275 - RAM Usage    : 7.9%  (611 MB used)
2026-05-10 09:43:52,275 - Disk Usage   : 0.2% (2 GB used)
2026-05-10 09:43:57,276 - ---Stats [09:43:57]---
2026-05-10 09:43:57,276 - CPU Usage    : 0.0%
2026-05-10 09:43:57,291 - RAM Usage    : 7.9%  (611 MB used)
2026-05-10 09:43:57,291 - Disk Usage   : 0.2% (2 GB used)
2026-05-10 09:44:02,292 - ---Stats [09:44:02]---
2026-05-10 09:44:02,293 - CPU Usage    : 0.0%
2026-05-10 09:44:02,293 - RAM Usage    : 7.9%  (611 MB used)
2026-05-10 09:44:02,293 - Disk Usage   : 0.2% (2 GB used)
2026-05-10 09:44:07,294 - ---Stats [09:44:07]---
2026-05-10 09:44:07,294 - CPU Usage    : 0.0%
2026-05-10 09:44:07,294 - RAM Usage    : 7.9%  (611 MB used)
2026-05-10 09:44:07,294 - Disk Usage   : 0.2% (2 GB used)
2026-05-10 09:44:12,295 - ---Stats [09:44:12]---
2026-05-10 09:44:12,296 - CPU Usage    : 0.0%
2026-05-10 09:44:12,296 - RAM Usage    : 7.9%  (611 MB used)
2026-05-10 09:44:12,296 - Disk Usage   : 0.2% (2 GB used)
2026-05-10 09:44:17,297 - ---Stats [09:44:17]---
2026-05-10 09:44:17,297 - CPU Usage    : 0.0%
2026-05-10 09:44:17,298 - RAM Usage    : 7.9%  (611 MB used)
2026-05-10 09:44:17,298 - Disk Usage   : 0.2% (2 GB used)
2026-05-10 09:44:22,299 - ---Stats [09:44:22]---
2026-05-10 09:44:22,299 - CPU Usage    : 0.1%
2026-05-10 09:44:22,299 - RAM Usage    : 7.9%  (612 MB used)
2026-05-10 09:44:22,299 - Disk Usage   : 0.2% (2 GB used)
2026-05-10 09:44:27,300 - ---Stats [09:44:27]---
2026-05-10 09:44:27,300 - CPU Usage    : 0.0%
2026-05-10 09:44:27,315 - RAM Usage    : 7.9%  (612 MB used)
2026-05-10 09:44:27,315 - Disk Usage   : 0.2% (2 GB used)
2026-05-10 09:44:32,316 - ---Stats [09:44:32]---
2026-05-10 09:44:32,316 - CPU Usage    : 0.0%
2026-05-10 09:44:32,316 - RAM Usage    : 7.9%  (612 MB used)
2026-05-10 09:44:32,316 - Disk Usage   : 0.2% (2 GB used)
2026-05-10 09:44:37,316 - ---Stats [09:44:37]---
2026-05-10 09:44:37,317 - CPU Usage    : 0.0%
2026-05-10 09:44:37,317 - RAM Usage    : 7.9%  (611 MB used)
2026-05-10 09:44:37,317 - Disk Usage   : 0.2% (2 GB used)
2026-05-10 09:44:42,317 - ---Stats [09:44:42]---
2026-05-10 09:44:42,317 - CPU Usage    : 0.0%
2026-05-10 09:44:42,317 - RAM Usage    : 7.9%  (610 MB used)
2026-05-10 09:44:42,317 - Disk Usage   : 0.2% (2 GB used)
2026-05-10 09:44:47,318 - ---Stats [09:44:47]---
2026-05-10 09:44:47,318 - CPU Usage    : 0.0%
2026-05-10 09:44:47,318 - RAM Usage    : 7.9%  (610 MB used)
2026-05-10 09:44:47,318 - Disk Usage   : 0.2% (2 GB used)
2026-05-10 09:44:52,319 - ---Stats [09:44:52]---
2026-05-10 09:44:52,319 - CPU Usage    : 0.0%
2026-05-10 09:44:52,319 - RAM Usage    : 7.9%  (610 MB used)
2026-05-10 09:44:52,319 - Disk Usage   : 0.2% (2 GB used)
2026-05-10 09:44:57,320 - ---Stats [09:44:57]---
2026-05-10 09:44:57,321 - CPU Usage    : 0.0%
2026-05-10 09:44:57,321 - RAM Usage    : 7.9%  (610 MB used)
2026-05-10 09:44:57,321 - Disk Usage   : 0.2% (2 GB used)
2026-05-10 09:45:02,322 - ---Stats [09:45:02]---
2026-05-10 09:45:02,323 - CPU Usage    : 0.1%
2026-05-10 09:45:02,335 - RAM Usage    : 7.9%  (610 MB used)
2026-05-10 09:45:02,336 - Disk Usage   : 0.2% (2 GB used)
2026-05-10 09:45:07,339 - ---Stats [09:45:07]---
2026-05-10 09:45:07,339 - CPU Usage    : 0.0%
2026-05-10 09:45:07,339 - RAM Usage    : 7.9%  (610 MB used)
2026-05-10 09:45:07,339 - Disk Usage   : 0.2% (2 GB used)
2026-05-10 09:45:12,340 - ---Stats [09:45:12]---
2026-05-10 09:45:12,341 - CPU Usage    : 0.0%
2026-05-10 09:45:12,341 - RAM Usage    : 7.9%  (610 MB used)
2026-05-10 09:45:12,341 - Disk Usage   : 0.2% (2 GB used)
2026-05-10 09:45:17,342 - ---Stats [09:45:17]---
2026-05-10 09:45:17,342 - CPU Usage    : 0.0%
2026-05-10 09:45:17,356 - RAM Usage    : 7.9%  (610 MB used)
2026-05-10 09:45:17,356 - Disk Usage   : 0.2% (2 GB used)
2026-05-10 09:45:22,357 - ---Stats [09:45:22]---
2026-05-10 09:45:22,357 - CPU Usage    : 0.0%
2026-05-10 09:45:22,370 - RAM Usage    : 7.9%  (610 MB used)
2026-05-10 09:45:22,370 - Disk Usage   : 0.2% (2 GB used)
2026-05-10 09:45:27,371 - ---Stats [09:45:27]---
2026-05-10 09:45:27,371 - CPU Usage    : 0.0%
2026-05-10 09:45:27,384 - RAM Usage    : 7.9%  (610 MB used)
2026-05-10 09:45:27,384 - Disk Usage   : 0.2% (2 GB used)
2026-05-10 09:45:32,385 - ---Stats [09:45:32]---
2026-05-10 09:45:32,386 - CPU Usage    : 0.1%
2026-05-10 09:45:32,386 - RAM Usage    : 7.9%  (610 MB used)
2026-05-10 09:45:32,386 - Disk Usage   : 0.2% (2 GB used)
2026-05-10 09:45:37,387 - ---Stats [09:45:37]---
2026-05-10 09:45:37,387 - CPU Usage    : 0.0%
2026-05-10 09:45:37,387 - RAM Usage    : 7.9%  (610 MB used)
2026-05-10 09:45:37,387 - Disk Usage   : 0.2% (2 GB used)
2026-05-10 09:45:42,388 - ---Stats [09:45:42]---
2026-05-10 09:45:42,388 - CPU Usage    : 0.0%
2026-05-10 09:45:42,388 - RAM Usage    : 7.9%  (610 MB used)
2026-05-10 09:45:42,388 - Disk Usage   : 0.2% (2 GB used)
2026-05-10 09:45:47,389 - ---Stats [09:45:47]---
2026-05-10 09:45:47,389 - CPU Usage    : 0.0%
2026-05-10 09:45:47,389 - RAM Usage    : 7.9%  (610 MB used)
2026-05-10 09:45:47,389 - Disk Usage   : 0.2% (2 GB used)
2026-05-10 09:45:52,390 - ---Stats [09:45:52]---
2026-05-10 09:45:52,390 - CPU Usage    : 0.0%
2026-05-10 09:45:52,391 - RAM Usage    : 7.9%  (611 MB used)
2026-05-10 09:45:52,391 - Disk Usage   : 0.2% (2 GB used)
2026-05-10 09:45:57,392 - ---Stats [09:45:57]---
2026-05-10 09:45:57,392 - CPU Usage    : 0.0%
2026-05-10 09:45:57,392 - RAM Usage    : 7.9%  (611 MB used)
2026-05-10 09:45:57,392 - Disk Usage   : 0.2% (2 GB used)
2026-05-10 09:46:02,393 - ---Stats [09:46:02]---
2026-05-10 09:46:02,393 - CPU Usage    : 0.1%
2026-05-10 09:46:02,393 - RAM Usage    : 7.9%  (611 MB used)
2026-05-10 09:46:02,393 - Disk Usage   : 0.2% (2 GB used)
2026-05-10 09:46:07,394 - ---Stats [09:46:07]---
2026-05-10 09:46:07,394 - CPU Usage    : 0.0%
2026-05-10 09:46:07,394 - RAM Usage    : 7.9%  (611 MB used)
2026-05-10 09:46:07,394 - Disk Usage   : 0.2% (2 GB used)
2026-05-10 09:46:12,395 - ---Stats [09:46:12]---
2026-05-10 09:46:12,395 - CPU Usage    : 0.0%
2026-05-10 09:46:12,395 - RAM Usage    : 7.9%  (611 MB used)
2026-05-10 09:46:12,395 - Disk Usage   : 0.2% (2 GB used)
2026-05-10 09:46:17,396 - ---Stats [09:46:17]---
2026-05-10 09:46:17,396 - CPU Usage    : 0.0%
2026-05-10 09:46:17,396 - RAM Usage    : 7.9%  (611 MB used)
2026-05-10 09:46:17,410 - Disk Usage   : 0.2% (2 GB used)
2026-05-10 09:46:22,411 - ---Stats [09:46:22]---
2026-05-10 09:46:22,411 - CPU Usage    : 0.0%
2026-05-10 09:46:22,411 - RAM Usage    : 7.9%  (611 MB used)
2026-05-10 09:46:22,411 - Disk Usage   : 0.2% (2 GB used)
2026-05-10 09:46:27,412 - ---Stats [09:46:27]---
2026-05-10 09:46:27,412 - CPU Usage    : 0.0%
2026-05-10 09:46:27,412 - RAM Usage    : 7.9%  (611 MB used)
2026-05-10 09:46:27,413 - Disk Usage   : 0.2% (2 GB used)
2026-05-10 09:46:32,414 - ---Stats [09:46:32]---
2026-05-10 09:46:32,414 - CPU Usage    : 0.0%
2026-05-10 09:46:32,426 - RAM Usage    : 7.9%  (612 MB used)
2026-05-10 09:46:32,427 - Disk Usage   : 0.2% (2 GB used)
2026-05-10 09:46:37,429 - ---Stats [09:46:37]---
2026-05-10 09:46:37,430 - CPU Usage    : 0.0%
2026-05-10 09:46:37,430 - RAM Usage    : 7.9%  (612 MB used)
2026-05-10 09:46:37,430 - Disk Usage   : 0.2% (2 GB used)
2026-05-10 09:46:42,431 - ---Stats [09:46:42]---
2026-05-10 09:46:42,432 - CPU Usage    : 0.0%
2026-05-10 09:46:42,446 - RAM Usage    : 7.9%  (612 MB used)
2026-05-10 09:46:42,446 - Disk Usage   : 0.2% (2 GB used)
2026-05-10 09:46:47,447 - ---Stats [09:46:47]---
2026-05-10 09:46:47,448 - CPU Usage    : 0.1%
2026-05-10 09:46:47,448 - RAM Usage    : 7.9%  (612 MB used)
2026-05-10 09:46:47,448 - Disk Usage   : 0.2% (2 GB used)
2026-05-10 09:46:52,449 - ---Stats [09:46:52]---
2026-05-10 09:46:52,449 - CPU Usage    : 0.0%
2026-05-10 09:46:52,462 - RAM Usage    : 7.9%  (613 MB used)
2026-05-10 09:46:52,462 - Disk Usage   : 0.2% (2 GB used)
2026-05-10 09:46:57,463 - ---Stats [09:46:57]---
2026-05-10 09:46:57,463 - CPU Usage    : 0.0%
2026-05-10 09:46:57,477 - RAM Usage    : 7.9%  (613 MB used)
2026-05-10 09:46:57,477 - Disk Usage   : 0.2% (2 GB used)
2026-05-10 09:47:02,478 - ---Stats [09:47:02]---
2026-05-10 09:47:02,478 - CPU Usage    : 0.0%
2026-05-10 09:47:02,479 - RAM Usage    : 7.9%  (613 MB used)
2026-05-10 09:47:02,479 - Disk Usage   : 0.2% (2 GB used)
2026-05-10 09:47:07,480 - ---Stats [09:47:07]---
2026-05-10 09:47:07,480 - CPU Usage    : 0.0%
2026-05-10 09:47:07,494 - RAM Usage    : 7.9%  (613 MB used)
2026-05-10 09:47:07,494 - Disk Usage   : 0.2% (2 GB used)
2026-05-10 09:47:12,496 - ---Stats [09:47:12]---
2026-05-10 09:47:12,496 - CPU Usage    : 0.0%
2026-05-10 09:47:12,497 - RAM Usage    : 7.9%  (613 MB used)
2026-05-10 09:47:12,497 - Disk Usage   : 0.2% (2 GB used)
2026-05-10 09:47:17,501 - ---Stats [09:47:17]---
2026-05-10 09:47:17,501 - CPU Usage    : 0.0%
2026-05-10 09:47:17,501 - RAM Usage    : 7.9%  (613 MB used)
2026-05-10 09:47:17,502 - Disk Usage   : 0.2% (2 GB used)
2026-05-10 09:47:22,502 - ---Stats [09:47:22]---
2026-05-10 09:47:22,503 - CPU Usage    : 0.0%
2026-05-10 09:47:22,503 - RAM Usage    : 7.9%  (613 MB used)
2026-05-10 09:47:22,503 - Disk Usage   : 0.2% (2 GB used)
2026-05-10 09:47:27,506 - ---Stats [09:47:27]---
2026-05-10 09:47:27,506 - CPU Usage    : 0.0%
2026-05-10 09:47:27,519 - RAM Usage    : 7.9%  (613 MB used)
2026-05-10 09:47:27,520 - Disk Usage   : 0.2% (2 GB used)
2026-05-10 09:47:32,522 - ---Stats [09:47:32]---
2026-05-10 09:47:32,522 - CPU Usage    : 0.0%
2026-05-10 09:47:32,523 - RAM Usage    : 7.9%  (614 MB used)
2026-05-10 09:47:32,524 - Disk Usage   : 0.2% (2 GB used)
2026-05-10 09:47:37,525 - ---Stats [09:47:37]---
2026-05-10 09:47:37,525 - CPU Usage    : 0.0%
2026-05-10 09:47:37,538 - RAM Usage    : 7.9%  (614 MB used)
2026-05-10 09:47:37,538 - Disk Usage   : 0.2% (2 GB used)
2026-05-10 09:47:42,539 - ---Stats [09:47:42]---
2026-05-10 09:47:42,539 - CPU Usage    : 0.0%
2026-05-10 09:47:42,539 - RAM Usage    : 7.9%  (614 MB used)
2026-05-10 09:47:42,539 - Disk Usage   : 0.2% (2 GB used)
2026-05-10 09:47:47,540 - ---Stats [09:47:47]---
2026-05-10 09:47:47,540 - CPU Usage    : 0.0%
2026-05-10 09:47:47,542 - RAM Usage    : 7.9%  (614 MB used)
2026-05-10 09:47:47,542 - Disk Usage   : 0.2% (2 GB used)
2026-05-10 09:47:52,543 - ---Stats [09:47:52]---
2026-05-10 09:47:52,543 - CPU Usage    : 0.0%
2026-05-10 09:47:52,543 - RAM Usage    : 7.9%  (614 MB used)
2026-05-10 09:47:52,557 - Disk Usage   : 0.2% (2 GB used)
2026-05-10 09:47:57,558 - ---Stats [09:47:57]---
2026-05-10 09:47:57,559 - CPU Usage    : 0.0%
2026-05-10 09:47:57,575 - RAM Usage    : 7.9%  (614 MB used)
2026-05-10 09:47:57,575 - Disk Usage   : 0.2% (2 GB used)
2026-05-10 09:48:02,577 - ---Stats [09:48:02]---
2026-05-10 09:48:02,578 - CPU Usage    : 0.1%
2026-05-10 09:48:02,578 - RAM Usage    : 7.9%  (615 MB used)
2026-05-10 09:48:02,578 - Disk Usage   : 0.2% (2 GB used)
2026-05-10 09:48:07,579 - ---Stats [09:48:07]---
2026-05-10 09:48:07,579 - CPU Usage    : 0.1%
2026-05-10 09:48:07,580 - RAM Usage    : 7.9%  (615 MB used)
2026-05-10 09:48:07,580 - Disk Usage   : 0.2% (2 GB used)
2026-05-10 09:48:12,596 - ---Stats [09:48:12]---
2026-05-10 09:48:12,596 - CPU Usage    : 0.0%
2026-05-10 09:48:12,610 - RAM Usage    : 7.9%  (615 MB used)
2026-05-10 09:48:12,610 - Disk Usage   : 0.2% (2 GB used)
2026-05-10 09:48:17,611 - ---Stats [09:48:17]---
2026-05-10 09:48:17,612 - CPU Usage    : 0.0%
2026-05-10 09:48:17,612 - RAM Usage    : 7.9%  (615 MB used)
2026-05-10 09:48:17,612 - Disk Usage   : 0.2% (2 GB used)
2026-05-10 09:48:22,613 - ---Stats [09:48:22]---
2026-05-10 09:48:22,614 - CPU Usage    : 0.0%
2026-05-10 09:48:22,614 - RAM Usage    : 7.9%  (615 MB used)
2026-05-10 09:48:22,627 - Disk Usage   : 0.2% (2 GB used)
2026-05-10 09:48:27,630 - ---Stats [09:48:27]---
2026-05-10 09:48:27,630 - CPU Usage    : 0.0%
2026-05-10 09:48:27,630 - RAM Usage    : 7.9%  (615 MB used)
2026-05-10 09:48:27,630 - Disk Usage   : 0.2% (2 GB used)
2026-05-10 09:48:32,631 - ---Stats [09:48:32]---
2026-05-10 09:48:32,631 - CPU Usage    : 0.2%
2026-05-10 09:48:32,631 - RAM Usage    : 7.9%  (610 MB used)
2026-05-10 09:48:32,631 - Disk Usage   : 0.2% (2 GB used)
2026-05-10 09:48:37,637 - ---Stats [09:48:37]---
2026-05-10 09:48:37,638 - CPU Usage    : 0.9%
2026-05-10 09:48:37,652 - RAM Usage    : 7.7%  (594 MB used)
2026-05-10 09:48:37,652 - Disk Usage   : 0.2% (2 GB used)
2026-05-10 09:48:42,653 - ---Stats [09:48:42]---
2026-05-10 09:48:42,653 - CPU Usage    : 0.2%
2026-05-10 09:48:42,654 - RAM Usage    : 7.6%  (589 MB used)
2026-05-10 09:48:42,654 - Disk Usage   : 0.2% (2 GB used)
2026-05-10 09:48:47,655 - ---Stats [09:48:47]---
2026-05-10 09:48:47,655 - CPU Usage    : 0.1%
2026-05-10 09:48:47,655 - RAM Usage    : 7.6%  (589 MB used)
2026-05-10 09:48:47,655 - Disk Usage   : 0.2% (2 GB used)
2026-05-10 09:48:52,655 - ---Stats [09:48:52]---
2026-05-10 09:48:52,656 - CPU Usage    : 1.2%
2026-05-10 09:48:52,656 - RAM Usage    : 7.0%  (546 MB used)
2026-05-10 09:48:52,656 - Disk Usage   : 0.2% (2 GB used)
2026-05-10 09:48:57,661 - ---Stats [09:48:57]---
2026-05-10 09:48:57,662 - CPU Usage    : 0.0%
2026-05-10 09:48:57,662 - RAM Usage    : 7.0%  (544 MB used)
2026-05-10 09:48:57,662 - Disk Usage   : 0.2% (2 GB used)
2026-05-10 09:49:02,664 - ---Stats [09:49:02]---
2026-05-10 09:49:02,664 - CPU Usage    : 0.0%
2026-05-10 09:49:02,664 - RAM Usage    : 7.0%  (544 MB used)
2026-05-10 09:49:02,664 - Disk Usage   : 0.2% (2 GB used)
2026-05-10 09:49:07,665 - ---Stats [09:49:07]---
2026-05-10 09:49:07,665 - CPU Usage    : 0.1%
2026-05-10 09:49:07,666 - RAM Usage    : 7.0%  (544 MB used)
2026-05-10 09:49:07,666 - Disk Usage   : 0.2% (2 GB used)
2026-05-10 09:49:12,666 - ---Stats [09:49:12]---
2026-05-10 09:49:12,666 - CPU Usage    : 0.0%
2026-05-10 09:49:12,680 - RAM Usage    : 7.0%  (544 MB used)
2026-05-10 09:49:12,680 - Disk Usage   : 0.2% (2 GB used)
2026-05-10 09:49:17,681 - ---Stats [09:49:17]---
2026-05-10 09:49:17,681 - CPU Usage    : 0.0%
2026-05-10 09:49:17,681 - RAM Usage    : 7.0%  (544 MB used)
2026-05-10 09:49:17,681 - Disk Usage   : 0.2% (2 GB used)
2026-05-10 09:49:22,682 - ---Stats [09:49:22]---
2026-05-10 09:49:22,682 - CPU Usage    : 0.3%
2026-05-10 09:49:22,682 - RAM Usage    : 7.0%  (544 MB used)
2026-05-10 09:49:22,682 - Disk Usage   : 0.2% (2 GB used)
2026-05-10 09:49:27,682 - ---Stats [09:49:27]---
2026-05-10 09:49:27,683 - CPU Usage    : 0.0%
2026-05-10 09:49:27,695 - RAM Usage    : 7.0%  (542 MB used)
2026-05-10 09:49:27,695 - Disk Usage   : 0.2% (2 GB used)
2026-05-10 09:49:32,696 - ---Stats [09:49:32]---
2026-05-10 09:49:32,696 - CPU Usage    : 0.0%
2026-05-10 09:49:32,696 - RAM Usage    : 7.0%  (542 MB used)
2026-05-10 09:49:32,696 - Disk Usage   : 0.2% (2 GB used)
2026-05-10 09:49:37,697 - ---Stats [09:49:37]---
2026-05-10 09:49:37,701 - CPU Usage    : 0.0%
2026-05-10 09:49:37,709 - RAM Usage    : 7.0%  (542 MB used)
2026-05-10 09:49:37,709 - Disk Usage   : 0.2% (2 GB used)
2026-05-10 09:49:42,710 - ---Stats [09:49:42]---
2026-05-10 09:49:42,711 - CPU Usage    : 0.0%
2026-05-10 09:49:42,711 - RAM Usage    : 7.0%  (542 MB used)
2026-05-10 09:49:42,711 - Disk Usage   : 0.2% (2 GB used)
2026-05-10 09:49:47,712 - ---Stats [09:49:47]---
2026-05-10 09:49:47,712 - CPU Usage    : 0.0%
2026-05-10 09:49:47,712 - RAM Usage    : 7.0%  (542 MB used)
2026-05-10 09:49:47,712 - Disk Usage   : 0.2% (2 GB used)
2026-05-10 09:49:52,714 - ---Stats [09:49:52]---
2026-05-10 09:49:52,715 - CPU Usage    : 0.1%
2026-05-10 09:49:52,729 - RAM Usage    : 7.0%  (543 MB used)
2026-05-10 09:49:52,729 - Disk Usage   : 0.2% (2 GB used)
2026-05-10 09:49:57,730 - ---Stats [09:49:57]---
2026-05-10 09:49:57,730 - CPU Usage    : 0.0%
2026-05-10 09:49:57,743 - RAM Usage    : 7.0%  (543 MB used)
2026-05-10 09:49:57,743 - Disk Usage   : 0.2% (2 GB used)
2026-05-10 09:50:02,746 - ---Stats [09:50:02]---
2026-05-10 09:50:02,746 - CPU Usage    : 0.0%
2026-05-10 09:50:02,762 - RAM Usage    : 7.0%  (543 MB used)
2026-05-10 09:50:02,762 - Disk Usage   : 0.2% (2 GB used)
2026-05-10 09:50:07,763 - ---Stats [09:50:07]---
2026-05-10 09:50:07,763 - CPU Usage    : 0.0%
2026-05-10 09:50:07,764 - RAM Usage    : 7.0%  (543 MB used)
2026-05-10 09:50:07,764 - Disk Usage   : 0.2% (2 GB used)
2026-05-10 09:50:12,764 - ---Stats [09:50:12]---
2026-05-10 09:50:12,764 - CPU Usage    : 0.0%
2026-05-10 09:50:12,777 - RAM Usage    : 7.0%  (543 MB used)
2026-05-10 09:50:12,777 - Disk Usage   : 0.2% (2 GB used)
2026-05-10 09:50:17,778 - ---Stats [09:50:17]---
2026-05-10 09:50:17,778 - CPU Usage    : 0.0%
2026-05-10 09:50:17,793 - RAM Usage    : 7.0%  (543 MB used)
2026-05-10 09:50:17,793 - Disk Usage   : 0.2% (2 GB used)
2026-05-10 09:50:22,803 - ---Stats [09:50:22]---
2026-05-10 09:50:22,804 - CPU Usage    : 0.1%
2026-05-10 09:50:22,804 - RAM Usage    : 7.0%  (542 MB used)
2026-05-10 09:50:22,804 - Disk Usage   : 0.2% (2 GB used)
2026-05-10 09:50:27,805 - ---Stats [09:50:27]---
2026-05-10 09:50:27,805 - CPU Usage    : 0.0%
2026-05-10 09:50:27,805 - RAM Usage    : 7.0%  (542 MB used)
2026-05-10 09:50:27,805 - Disk Usage   : 0.2% (2 GB used)
2026-05-10 09:50:32,806 - ---Stats [09:50:32]---
2026-05-10 09:50:32,806 - CPU Usage    : 0.1%
2026-05-10 09:50:32,806 - RAM Usage    : 7.0%  (542 MB used)
2026-05-10 09:50:32,806 - Disk Usage   : 0.2% (2 GB used)
2026-05-10 09:50:37,807 - ---Stats [09:50:37]---
2026-05-10 09:50:37,807 - CPU Usage    : 0.0%
2026-05-10 09:50:37,807 - RAM Usage    : 7.0%  (542 MB used)
2026-05-10 09:50:37,807 - Disk Usage   : 0.2% (2 GB used)
2026-05-10 09:50:42,808 - ---Stats [09:50:42]---
2026-05-10 09:50:42,808 - CPU Usage    : 0.0%
2026-05-10 09:50:42,808 - RAM Usage    : 7.0%  (542 MB used)
2026-05-10 09:50:42,808 - Disk Usage   : 0.2% (2 GB used)
2026-05-10 09:50:47,810 - ---Stats [09:50:47]---
2026-05-10 09:50:47,811 - CPU Usage    : 0.0%
2026-05-10 09:50:47,811 - RAM Usage    : 7.0%  (542 MB used)
2026-05-10 09:50:47,811 - Disk Usage   : 0.2% (2 GB used)
2026-05-10 09:50:52,813 - ---Stats [09:50:52]---
2026-05-10 09:50:52,813 - CPU Usage    : 0.0%
2026-05-10 09:50:52,813 - RAM Usage    : 7.0%  (542 MB used)
2026-05-10 09:50:52,814 - Disk Usage   : 0.2% (2 GB used)
2026-05-10 09:50:57,815 - ---Stats [09:50:57]---
2026-05-10 09:50:57,815 - CPU Usage    : 0.0%
2026-05-10 09:50:57,815 - RAM Usage    : 7.0%  (542 MB used)
2026-05-10 09:50:57,815 - Disk Usage   : 0.2% (2 GB used)
2026-05-10 09:51:02,816 - ---Stats [09:51:02]---
2026-05-10 09:51:02,816 - CPU Usage    : 0.0%
2026-05-10 09:51:02,816 - RAM Usage    : 7.0%  (542 MB used)
2026-05-10 09:51:02,816 - Disk Usage   : 0.2% (2 GB used)
2026-05-10 09:51:07,817 - ---Stats [09:51:07]---
2026-05-10 09:51:07,817 - CPU Usage    : 0.0%
2026-05-10 09:51:07,817 - RAM Usage    : 7.0%  (542 MB used)
2026-05-10 09:51:07,818 - Disk Usage   : 0.2% (2 GB used)
2026-05-10 09:51:12,818 - ---Stats [09:51:12]---
2026-05-10 09:51:12,819 - CPU Usage    : 0.0%
2026-05-10 09:51:12,819 - RAM Usage    : 7.0%  (542 MB used)
2026-05-10 09:51:12,819 - Disk Usage   : 0.2% (2 GB used)
2026-05-10 09:51:17,821 - ---Stats [09:51:17]---
2026-05-10 09:51:17,821 - CPU Usage    : 0.1%
2026-05-10 09:51:17,821 - RAM Usage    : 7.0%  (541 MB used)
2026-05-10 09:51:17,821 - Disk Usage   : 0.2% (2 GB used)
2026-05-10 09:51:22,822 - ---Stats [09:51:22]---
2026-05-10 09:51:22,822 - CPU Usage    : 0.0%
2026-05-10 09:51:22,822 - RAM Usage    : 7.0%  (541 MB used)
2026-05-10 09:51:22,822 - Disk Usage   : 0.2% (2 GB used)
2026-05-10 09:51:27,823 - ---Stats [09:51:27]---
2026-05-10 09:51:27,823 - CPU Usage    : 0.0%
2026-05-10 09:51:27,823 - RAM Usage    : 7.0%  (541 MB used)
2026-05-10 09:51:27,823 - Disk Usage   : 0.2% (2 GB used)
2026-05-10 09:51:32,824 - ---Stats [09:51:32]---
2026-05-10 09:51:32,824 - CPU Usage    : 0.0%
2026-05-10 09:51:32,825 - RAM Usage    : 7.0%  (541 MB used)
2026-05-10 09:51:32,825 - Disk Usage   : 0.2% (2 GB used)
2026-05-10 09:51:37,832 - ---Stats [09:51:37]---
2026-05-10 09:51:37,832 - CPU Usage    : 0.0%
2026-05-10 09:51:37,832 - RAM Usage    : 7.0%  (541 MB used)
2026-05-10 09:51:37,832 - Disk Usage   : 0.2% (2 GB used)
2026-05-10 09:51:42,833 - ---Stats [09:51:42]---
2026-05-10 09:51:42,833 - CPU Usage    : 0.0%
2026-05-10 09:51:42,834 - RAM Usage    : 7.0%  (541 MB used)
2026-05-10 09:51:42,834 - Disk Usage   : 0.2% (2 GB used)
2026-05-10 09:51:47,835 - ---Stats [09:51:47]---
2026-05-10 09:51:47,835 - CPU Usage    : 0.0%
2026-05-10 09:51:47,845 - RAM Usage    : 7.0%  (541 MB used)
2026-05-10 09:51:47,846 - Disk Usage   : 0.2% (2 GB used)
2026-05-10 09:51:52,846 - ---Stats [09:51:52]---
2026-05-10 09:51:52,847 - CPU Usage    : 0.0%
2026-05-10 09:51:52,847 - RAM Usage    : 7.0%  (542 MB used)
2026-05-10 09:51:52,847 - Disk Usage   : 0.2% (2 GB used)
2026-05-10 09:51:57,847 - ---Stats [09:51:57]---
2026-05-10 09:51:57,848 - CPU Usage    : -0.0%
2026-05-10 09:51:57,848 - RAM Usage    : 7.0%  (542 MB used)
2026-05-10 09:51:57,848 - Disk Usage   : 0.2% (2 GB used)
2026-05-10 09:52:02,848 - ---Stats [09:52:02]---
2026-05-10 09:52:02,848 - CPU Usage    : 0.0%
2026-05-10 09:52:02,848 - RAM Usage    : 7.0%  (542 MB used)
2026-05-10 09:52:02,848 - Disk Usage   : 0.2% (2 GB used)
2026-05-10 09:52:07,849 - ---Stats [09:52:07]---
2026-05-10 09:52:07,849 - CPU Usage    : 0.0%
2026-05-10 09:52:07,849 - RAM Usage    : 7.0%  (542 MB used)
2026-05-10 09:52:07,849 - Disk Usage   : 0.2% (2 GB used)
2026-05-10 09:52:12,850 - ---Stats [09:52:12]---
2026-05-10 09:52:12,850 - CPU Usage    : 0.0%
2026-05-10 09:52:12,850 - RAM Usage    : 7.0%  (542 MB used)
2026-05-10 09:52:12,850 - Disk Usage   : 0.2% (2 GB used)
2026-05-10 09:52:17,851 - ---Stats [09:52:17]---
2026-05-10 09:52:17,851 - CPU Usage    : 0.0%
2026-05-10 09:52:17,851 - RAM Usage    : 7.0%  (542 MB used)
2026-05-10 09:52:17,851 - Disk Usage   : 0.2% (2 GB used)
2026-05-10 09:52:22,852 - ---Stats [09:52:22]---
2026-05-10 09:52:22,852 - CPU Usage    : 0.1%
2026-05-10 09:52:22,852 - RAM Usage    : 7.0%  (542 MB used)
2026-05-10 09:52:22,852 - Disk Usage   : 0.2% (2 GB used)
2026-05-10 09:52:27,853 - ---Stats [09:52:27]---
2026-05-10 09:52:27,853 - CPU Usage    : 0.0%
2026-05-10 09:52:27,853 - RAM Usage    : 7.0%  (542 MB used)
2026-05-10 09:52:27,853 - Disk Usage   : 0.2% (2 GB used)
2026-05-10 09:52:32,853 - ---Stats [09:52:32]---
2026-05-10 09:52:32,854 - CPU Usage    : 0.0%
2026-05-10 09:52:32,854 - RAM Usage    : 7.0%  (543 MB used)
2026-05-10 09:52:32,854 - Disk Usage   : 0.2% (2 GB used)
2026-05-10 09:52:37,854 - ---Stats [09:52:37]---
2026-05-10 09:52:37,854 - CPU Usage    : -0.0%
2026-05-10 09:52:37,855 - RAM Usage    : 7.0%  (543 MB used)
2026-05-10 09:52:37,855 - Disk Usage   : 0.2% (2 GB used)
2026-05-10 09:52:42,856 - ---Stats [09:52:42]---
2026-05-10 09:52:42,856 - CPU Usage    : 0.0%
2026-05-10 09:52:42,869 - RAM Usage    : 7.0%  (543 MB used)
2026-05-10 09:52:42,869 - Disk Usage   : 0.2% (2 GB used)
2026-05-10 09:52:47,870 - ---Stats [09:52:47]---
2026-05-10 09:52:47,871 - CPU Usage    : 0.0%
2026-05-10 09:52:47,871 - RAM Usage    : 7.0%  (543 MB used)
2026-05-10 09:52:47,871 - Disk Usage   : 0.2% (2 GB used)
2026-05-10 09:52:52,872 - ---Stats [09:52:52]---
2026-05-10 09:52:52,872 - CPU Usage    : 0.0%
2026-05-10 09:52:52,872 - RAM Usage    : 7.0%  (543 MB used)
2026-05-10 09:52:52,874 - Disk Usage   : 0.2% (2 GB used)
2026-05-10 09:52:57,875 - ---Stats [09:52:57]---
2026-05-10 09:52:57,875 - CPU Usage    : 0.0%
2026-05-10 09:52:57,875 - RAM Usage    : 7.0%  (543 MB used)
2026-05-10 09:52:57,891 - Disk Usage   : 0.2% (2 GB used)
2026-05-10 09:53:02,892 - ---Stats [09:53:02]---
2026-05-10 09:53:02,892 - CPU Usage    : 0.0%
2026-05-10 09:53:02,905 - RAM Usage    : 7.0%  (543 MB used)
2026-05-10 09:53:02,905 - Disk Usage   : 0.2% (2 GB used)
2026-05-10 09:53:07,906 - ---Stats [09:53:07]---
2026-05-10 09:53:07,906 - CPU Usage    : 0.0%
2026-05-10 09:53:07,907 - RAM Usage    : 7.0%  (543 MB used)
2026-05-10 09:53:07,907 - Disk Usage   : 0.2% (2 GB used)
2026-05-10 09:53:12,909 - ---Stats [09:53:12]---
2026-05-10 09:53:12,913 - CPU Usage    : 0.0%
2026-05-10 09:53:12,913 - RAM Usage    : 7.0%  (543 MB used)
2026-05-10 09:53:12,913 - Disk Usage   : 0.2% (2 GB used)
2026-05-10 09:53:17,915 - ---Stats [09:53:17]---
2026-05-10 09:53:17,915 - CPU Usage    : 0.0%
2026-05-10 09:53:17,915 - RAM Usage    : 7.0%  (543 MB used)
2026-05-10 09:53:17,915 - Disk Usage   : 0.2% (2 GB used)
2026-05-10 09:53:22,916 - ---Stats [09:53:22]---
2026-05-10 09:53:22,916 - CPU Usage    : 0.1%
2026-05-10 09:53:22,916 - RAM Usage    : 7.0%  (543 MB used)
2026-05-10 09:53:22,916 - Disk Usage   : 0.2% (2 GB used)
2026-05-10 09:53:27,917 - ---Stats [09:53:27]---
2026-05-10 09:53:27,917 - CPU Usage    : 0.0%
2026-05-10 09:53:27,917 - RAM Usage    : 7.0%  (543 MB used)
2026-05-10 09:53:27,917 - Disk Usage   : 0.2% (2 GB used)
2026-05-10 09:53:32,918 - ---Stats [09:53:32]---
2026-05-10 09:53:32,919 - CPU Usage    : 0.1%
2026-05-10 09:53:32,919 - RAM Usage    : 7.0%  (543 MB used)
2026-05-10 09:53:32,919 - Disk Usage   : 0.2% (2 GB used)
2026-05-10 09:53:37,920 - ---Stats [09:53:37]---
2026-05-10 09:53:37,920 - CPU Usage    : 0.0%
2026-05-10 09:53:37,920 - RAM Usage    : 7.0%  (543 MB used)
2026-05-10 09:53:37,920 - Disk Usage   : 0.2% (2 GB used)
2026-05-10 09:53:42,921 - ---Stats [09:53:42]---
2026-05-10 09:53:42,922 - CPU Usage    : 0.0%
2026-05-10 09:53:42,922 - RAM Usage    : 7.0%  (543 MB used)
2026-05-10 09:53:42,922 - Disk Usage   : 0.2% (2 GB used)
2026-05-10 09:53:47,923 - ---Stats [09:53:47]---
2026-05-10 09:53:47,923 - CPU Usage    : 0.0%
2026-05-10 09:53:47,923 - RAM Usage    : 7.0%  (543 MB used)
2026-05-10 09:53:47,923 - Disk Usage   : 0.2% (2 GB used)
2026-05-10 09:53:52,924 - ---Stats [09:53:52]---
2026-05-10 09:53:52,925 - CPU Usage    : 0.1%
2026-05-10 09:53:52,925 - RAM Usage    : 7.0%  (544 MB used)
2026-05-10 09:53:52,925 - Disk Usage   : 0.2% (2 GB used)
2026-05-10 09:53:57,926 - ---Stats [09:53:57]---
2026-05-10 09:53:57,926 - CPU Usage    : 0.0%
2026-05-10 09:53:57,926 - RAM Usage    : 7.0%  (544 MB used)
2026-05-10 09:53:57,926 - Disk Usage   : 0.2% (2 GB used)
2026-05-10 09:54:02,927 - ---Stats [09:54:02]---
2026-05-10 09:54:02,927 - CPU Usage    : 0.0%
2026-05-10 09:54:02,927 - RAM Usage    : 7.0%  (542 MB used)
2026-05-10 09:54:02,927 - Disk Usage   : 0.2% (2 GB used)
2026-05-10 09:54:07,928 - ---Stats [09:54:07]---
2026-05-10 09:54:07,929 - CPU Usage    : 0.0%
2026-05-10 09:54:07,931 - RAM Usage    : 7.0%  (542 MB used)
2026-05-10 09:54:07,931 - Disk Usage   : 0.2% (2 GB used)
2026-05-10 09:54:12,932 - ---Stats [09:54:12]---
2026-05-10 09:54:12,932 - CPU Usage    : 0.0%
2026-05-10 09:54:12,945 - RAM Usage    : 7.0%  (542 MB used)
2026-05-10 09:54:12,945 - Disk Usage   : 0.2% (2 GB used)
2026-05-10 09:54:17,946 - ---Stats [09:54:17]---
2026-05-10 09:54:17,946 - CPU Usage    : 0.0%
2026-05-10 09:54:17,946 - RAM Usage    : 7.0%  (542 MB used)
2026-05-10 09:54:17,946 - Disk Usage   : 0.2% (2 GB used)
2026-05-10 09:54:22,947 - ---Stats [09:54:22]---
2026-05-10 09:54:22,947 - CPU Usage    : 0.1%
2026-05-10 09:54:22,947 - RAM Usage    : 7.0%  (543 MB used)
2026-05-10 09:54:22,947 - Disk Usage   : 0.2% (2 GB used)
2026-05-10 09:54:27,948 - ---Stats [09:54:27]---
2026-05-10 09:54:27,949 - CPU Usage    : 0.0%
2026-05-10 09:54:27,961 - RAM Usage    : 7.0%  (543 MB used)
2026-05-10 09:54:27,962 - Disk Usage   : 0.2% (2 GB used)
2026-05-10 09:54:32,963 - ---Stats [09:54:32]---
2026-05-10 09:54:32,963 - CPU Usage    : 0.0%
2026-05-10 09:54:32,977 - RAM Usage    : 7.0%  (543 MB used)
2026-05-10 09:54:32,977 - Disk Usage   : 0.2% (2 GB used)
2026-05-10 09:54:37,978 - ---Stats [09:54:37]---
2026-05-10 09:54:37,979 - CPU Usage    : 0.0%
2026-05-10 09:54:37,992 - RAM Usage    : 7.0%  (543 MB used)
2026-05-10 09:54:37,992 - Disk Usage   : 0.2% (2 GB used)
2026-05-10 09:54:42,993 - ---Stats [09:54:42]---
2026-05-10 09:54:42,993 - CPU Usage    : 0.0%
2026-05-10 09:54:42,993 - RAM Usage    : 7.0%  (543 MB used)
2026-05-10 09:54:42,993 - Disk Usage   : 0.2% (2 GB used)
2026-05-10 09:54:47,995 - ---Stats [09:54:47]---
2026-05-10 09:54:47,995 - CPU Usage    : 0.0%
2026-05-10 09:54:48,009 - RAM Usage    : 7.0%  (543 MB used)
2026-05-10 09:54:48,009 - Disk Usage   : 0.2% (2 GB used)
2026-05-10 09:54:53,010 - ---Stats [09:54:53]---
2026-05-10 09:54:53,010 - CPU Usage    : 0.0%
2026-05-10 09:54:53,010 - RAM Usage    : 7.0%  (542 MB used)
2026-05-10 09:54:53,010 - Disk Usage   : 0.2% (2 GB used)
2026-05-10 09:54:58,012 - ---Stats [09:54:58]---
2026-05-10 09:54:58,012 - CPU Usage    : 0.0%
2026-05-10 09:54:58,012 - RAM Usage    : 7.0%  (542 MB used)
2026-05-10 09:54:58,012 - Disk Usage   : 0.2% (2 GB used)
2026-05-10 09:55:03,013 - ---Stats [09:55:03]---
2026-05-10 09:55:03,013 - CPU Usage    : 0.0%
2026-05-10 09:55:03,028 - RAM Usage    : 7.0%  (542 MB used)
2026-05-10 09:55:03,028 - Disk Usage   : 0.2% (2 GB used)
2026-05-10 09:55:08,029 - ---Stats [09:55:08]---
2026-05-10 09:55:08,029 - CPU Usage    : 0.0%
2026-05-10 09:55:08,042 - RAM Usage    : 7.0%  (542 MB used)
2026-05-10 09:55:08,042 - Disk Usage   : 0.2% (2 GB used)
2026-05-10 09:55:13,043 - ---Stats [09:55:13]---
2026-05-10 09:55:13,043 - CPU Usage    : 0.0%
2026-05-10 09:55:13,043 - RAM Usage    : 7.0%  (542 MB used)
2026-05-10 09:55:13,043 - Disk Usage   : 0.2% (2 GB used)
2026-05-10 09:55:18,044 - ---Stats [09:55:18]---
2026-05-10 09:55:18,045 - CPU Usage    : 0.0%
2026-05-10 09:55:18,045 - RAM Usage    : 7.0%  (543 MB used)
2026-05-10 09:55:18,045 - Disk Usage   : 0.2% (2 GB used)
2026-05-10 09:55:23,046 - ---Stats [09:55:23]---
2026-05-10 09:55:23,047 - CPU Usage    : 0.1%
2026-05-10 09:55:23,047 - RAM Usage    : 7.0%  (543 MB used)
2026-05-10 09:55:23,048 - Disk Usage   : 0.2% (2 GB used)
2026-05-10 09:55:28,049 - ---Stats [09:55:28]---
2026-05-10 09:55:28,050 - CPU Usage    : 0.0%
2026-05-10 09:55:28,063 - RAM Usage    : 7.0%  (543 MB used)
2026-05-10 09:55:28,063 - Disk Usage   : 0.2% (2 GB used)
2026-05-10 09:55:33,065 - ---Stats [09:55:33]---
2026-05-10 09:55:33,065 - CPU Usage    : 0.0%
2026-05-10 09:55:33,065 - RAM Usage    : 7.0%  (543 MB used)
2026-05-10 09:55:33,065 - Disk Usage   : 0.2% (2 GB used)
2026-05-10 09:55:38,066 - ---Stats [09:55:38]---
2026-05-10 09:55:38,066 - CPU Usage    : 0.0%
2026-05-10 09:55:38,079 - RAM Usage    : 7.0%  (543 MB used)
2026-05-10 09:55:38,079 - Disk Usage   : 0.2% (2 GB used)
2026-05-10 09:55:43,080 - ---Stats [09:55:43]---
2026-05-10 09:55:43,081 - CPU Usage    : 0.0%
2026-05-10 09:55:43,094 - RAM Usage    : 7.0%  (543 MB used)
2026-05-10 09:55:43,095 - Disk Usage   : 0.2% (2 GB used)
2026-05-10 09:55:48,096 - ---Stats [09:55:48]---
2026-05-10 09:55:48,096 - CPU Usage    : 0.0%
2026-05-10 09:55:48,109 - RAM Usage    : 7.0%  (543 MB used)
2026-05-10 09:55:48,109 - Disk Usage   : 0.2% (2 GB used)
2026-05-10 09:55:53,111 - ---Stats [09:55:53]---
2026-05-10 09:55:53,112 - CPU Usage    : 0.0%
2026-05-10 09:55:53,125 - RAM Usage    : 7.0%  (543 MB used)
2026-05-10 09:55:53,125 - Disk Usage   : 0.2% (2 GB used)
2026-05-10 09:55:58,126 - ---Stats [09:55:58]---
2026-05-10 09:55:58,127 - CPU Usage    : 0.0%
2026-05-10 09:55:58,127 - RAM Usage    : 7.0%  (543 MB used)
2026-05-10 09:55:58,140 - Disk Usage   : 0.2% (2 GB used)
2026-05-10 09:56:03,142 - ---Stats [09:56:03]---
2026-05-10 09:56:03,142 - CPU Usage    : 0.0%
2026-05-10 09:56:03,143 - RAM Usage    : 7.0%  (543 MB used)
2026-05-10 09:56:03,143 - Disk Usage   : 0.2% (2 GB used)
2026-05-10 09:56:08,158 - ---Stats [09:56:08]---
2026-05-10 09:56:08,158 - CPU Usage    : 0.0%
2026-05-10 09:56:08,172 - RAM Usage    : 7.0%  (544 MB used)
2026-05-10 09:56:08,172 - Disk Usage   : 0.2% (2 GB used)
2026-05-10 09:56:13,173 - ---Stats [09:56:13]---
2026-05-10 09:56:13,174 - CPU Usage    : 0.0%
2026-05-10 09:56:13,187 - RAM Usage    : 7.0%  (544 MB used)
2026-05-10 09:56:13,187 - Disk Usage   : 0.2% (2 GB used)
2026-05-10 09:56:18,188 - ---Stats [09:56:18]---
2026-05-10 09:56:18,189 - CPU Usage    : 0.0%
2026-05-10 09:56:18,202 - RAM Usage    : 7.0%  (542 MB used)
2026-05-10 09:56:18,202 - Disk Usage   : 0.2% (2 GB used)
2026-05-10 09:56:23,203 - ---Stats [09:56:23]---
2026-05-10 09:56:23,203 - CPU Usage    : 0.0%
2026-05-10 09:56:23,204 - RAM Usage    : 7.0%  (542 MB used)
2026-05-10 09:56:23,204 - Disk Usage   : 0.2% (2 GB used)
2026-05-10 09:56:28,205 - ---Stats [09:56:28]---
2026-05-10 09:56:28,206 - CPU Usage    : 0.0%
2026-05-10 09:56:28,206 - RAM Usage    : 7.0%  (542 MB used)
2026-05-10 09:56:28,206 - Disk Usage   : 0.2% (2 GB used)
2026-05-10 09:56:33,207 - ---Stats [09:56:33]---
2026-05-10 09:56:33,207 - CPU Usage    : 0.0%
2026-05-10 09:56:33,208 - RAM Usage    : 7.0%  (542 MB used)
2026-05-10 09:56:33,208 - Disk Usage   : 0.2% (2 GB used)
2026-05-10 09:56:38,210 - ---Stats [09:56:38]---
2026-05-10 09:56:38,210 - CPU Usage    : 0.0%
2026-05-10 09:56:38,210 - RAM Usage    : 7.0%  (542 MB used)
2026-05-10 09:56:38,210 - Disk Usage   : 0.2% (2 GB used)
2026-05-10 09:56:43,225 - ---Stats [09:56:43]---
2026-05-10 09:56:43,226 - CPU Usage    : 0.0%
2026-05-10 09:56:43,226 - RAM Usage    : 7.0%  (542 MB used)
2026-05-10 09:56:43,238 - Disk Usage   : 0.2% (2 GB used)
2026-05-10 09:56:48,239 - ---Stats [09:56:48]---
2026-05-10 09:56:48,240 - CPU Usage    : 0.0%
2026-05-10 09:56:48,240 - RAM Usage    : 7.0%  (542 MB used)
2026-05-10 09:56:48,240 - Disk Usage   : 0.2% (2 GB used)
2026-05-10 09:56:53,240 - ---Stats [09:56:53]---
2026-05-10 09:56:53,241 - CPU Usage    : -0.0%
2026-05-10 09:56:53,241 - RAM Usage    : 7.0%  (542 MB used)
2026-05-10 09:56:53,241 - Disk Usage   : 0.2% (2 GB used)
2026-05-10 09:56:58,242 - ---Stats [09:56:58]---
2026-05-10 09:56:58,242 - CPU Usage    : 0.0%
2026-05-10 09:56:58,242 - RAM Usage    : 7.0%  (542 MB used)
2026-05-10 09:56:58,242 - Disk Usage   : 0.2% (2 GB used)
2026-05-10 09:57:03,244 - ---Stats [09:57:03]---
2026-05-10 09:57:03,244 - CPU Usage    : 0.0%
2026-05-10 09:57:03,244 - RAM Usage    : 7.0%  (542 MB used)
2026-05-10 09:57:03,244 - Disk Usage   : 0.2% (2 GB used)
2026-05-10 09:57:08,246 - ---Stats [09:57:08]---
2026-05-10 09:57:08,246 - CPU Usage    : 0.0%
2026-05-10 09:57:08,247 - RAM Usage    : 7.0%  (542 MB used)
2026-05-10 09:57:08,247 - Disk Usage   : 0.2% (2 GB used)
2026-05-10 09:57:13,248 - ---Stats [09:57:13]---
2026-05-10 09:57:13,248 - CPU Usage    : 0.0%
2026-05-10 09:57:13,249 - RAM Usage    : 7.0%  (542 MB used)
2026-05-10 09:57:13,249 - Disk Usage   : 0.2% (2 GB used)
2026-05-10 09:57:18,251 - ---Stats [09:57:18]---
2026-05-10 09:57:18,251 - CPU Usage    : 0.0%
2026-05-10 09:57:18,251 - RAM Usage    : 7.0%  (542 MB used)
2026-05-10 09:57:18,251 - Disk Usage   : 0.2% (2 GB used)
2026-05-10 09:57:23,252 - ---Stats [09:57:23]---
2026-05-10 09:57:23,253 - CPU Usage    : 0.0%
2026-05-10 09:57:23,266 - RAM Usage    : 7.0%  (543 MB used)
2026-05-10 09:57:23,266 - Disk Usage   : 0.2% (2 GB used)
2026-05-10 09:57:28,267 - ---Stats [09:57:28]---
2026-05-10 09:57:28,267 - CPU Usage    : 0.0%
2026-05-10 09:57:28,267 - RAM Usage    : 7.0%  (543 MB used)
2026-05-10 09:57:28,268 - Disk Usage   : 0.2% (2 GB used)
2026-05-10 09:57:33,268 - ---Stats [09:57:33]---
2026-05-10 09:57:33,269 - CPU Usage    : 0.0%
2026-05-10 09:57:33,271 - RAM Usage    : 7.0%  (543 MB used)
2026-05-10 09:57:33,271 - Disk Usage   : 0.2% (2 GB used)
2026-05-10 09:57:38,272 - ---Stats [09:57:38]---
2026-05-10 09:57:38,272 - CPU Usage    : 0.0%
2026-05-10 09:57:38,272 - RAM Usage    : 7.0%  (543 MB used)
2026-05-10 09:57:38,272 - Disk Usage   : 0.2% (2 GB used)
2026-05-10 09:57:43,272 - ---Stats [09:57:43]---
2026-05-10 09:57:43,272 - CPU Usage    : 0.0%
2026-05-10 09:57:43,272 - RAM Usage    : 7.0%  (543 MB used)
2026-05-10 09:57:43,272 - Disk Usage   : 0.2% (2 GB used)
2026-05-10 09:57:48,274 - ---Stats [09:57:48]---
2026-05-10 09:57:48,274 - CPU Usage    : 0.1%
2026-05-10 09:57:48,287 - RAM Usage    : 7.0%  (542 MB used)
2026-05-10 09:57:48,287 - Disk Usage   : 0.2% (2 GB used)
2026-05-10 09:57:53,288 - ---Stats [09:57:53]---
2026-05-10 09:57:53,289 - CPU Usage    : 0.0%
2026-05-10 09:57:53,302 - RAM Usage    : 7.0%  (542 MB used)
2026-05-10 09:57:53,303 - Disk Usage   : 0.2% (2 GB used)
2026-05-10 09:57:58,304 - ---Stats [09:57:58]---
2026-05-10 09:57:58,304 - CPU Usage    : 0.0%
2026-05-10 09:57:58,305 - RAM Usage    : 7.0%  (542 MB used)
2026-05-10 09:57:58,305 - Disk Usage   : 0.2% (2 GB used)
2026-05-10 09:58:03,306 - ---Stats [09:58:03]---
2026-05-10 09:58:03,306 - CPU Usage    : 0.0%
2026-05-10 09:58:03,307 - RAM Usage    : 7.0%  (542 MB used)
2026-05-10 09:58:03,307 - Disk Usage   : 0.2% (2 GB used)
2026-05-10 09:58:08,307 - ---Stats [09:58:08]---
2026-05-10 09:58:08,308 - CPU Usage    : 1.2%
2026-05-10 09:58:08,308 - RAM Usage    : 7.0%  (543 MB used)
2026-05-10 09:58:08,308 - Disk Usage   : 0.2% (2 GB used)
2026-05-10 09:58:13,308 - ---Stats [09:58:13]---
2026-05-10 09:58:13,309 - CPU Usage    : 0.1%
2026-05-10 09:58:13,309 - RAM Usage    : 7.0%  (544 MB used)
2026-05-10 09:58:13,309 - Disk Usage   : 0.2% (2 GB used)
2026-05-10 09:58:18,310 - ---Stats [09:58:18]---
2026-05-10 09:58:18,311 - CPU Usage    : 0.0%
2026-05-10 09:58:18,311 - RAM Usage    : 7.0%  (545 MB used)
2026-05-10 09:58:18,311 - Disk Usage   : 0.2% (2 GB used)
2026-05-10 09:58:23,312 - ---Stats [09:58:23]---
2026-05-10 09:58:23,312 - CPU Usage    : 0.0%
2026-05-10 09:58:23,312 - RAM Usage    : 7.0%  (545 MB used)
2026-05-10 09:58:23,312 - Disk Usage   : 0.2% (2 GB used)
2026-05-10 09:58:28,313 - ---Stats [09:58:28]---
2026-05-10 09:58:28,313 - CPU Usage    : 0.0%
2026-05-10 09:58:28,313 - RAM Usage    : 7.0%  (545 MB used)
2026-05-10 09:58:28,313 - Disk Usage   : 0.2% (2 GB used)
2026-05-10 09:58:33,314 - ---Stats [09:58:33]---
2026-05-10 09:58:33,315 - CPU Usage    : 0.0%
2026-05-10 09:58:33,315 - RAM Usage    : 7.0%  (545 MB used)
2026-05-10 09:58:33,315 - Disk Usage   : 0.2% (2 GB used)
2026-05-10 09:58:38,316 - ---Stats [09:58:38]---
2026-05-10 09:58:38,317 - CPU Usage    : 0.0%
2026-05-10 09:58:38,317 - RAM Usage    : 7.0%  (545 MB used)
2026-05-10 09:58:38,317 - Disk Usage   : 0.2% (2 GB used)
2026-05-10 09:58:43,318 - ---Stats [09:58:43]---
2026-05-10 09:58:43,318 - CPU Usage    : 0.1%
2026-05-10 09:58:43,319 - RAM Usage    : 7.0%  (545 MB used)
2026-05-10 09:58:43,319 - Disk Usage   : 0.2% (2 GB used)
2026-05-10 09:58:48,320 - ---Stats [09:58:48]---
2026-05-10 09:58:48,320 - CPU Usage    : 0.0%
2026-05-10 09:58:48,320 - RAM Usage    : 7.0%  (545 MB used)
2026-05-10 09:58:48,321 - Disk Usage   : 0.2% (2 GB used)
2026-05-10 09:58:53,336 - ---Stats [09:58:53]---
2026-05-10 09:58:53,336 - CPU Usage    : 0.0%
2026-05-10 09:58:53,349 - RAM Usage    : 7.0%  (545 MB used)
2026-05-10 09:58:53,349 - Disk Usage   : 0.2% (2 GB used)
2026-05-10 09:58:58,350 - ---Stats [09:58:58]---
2026-05-10 09:58:58,351 - CPU Usage    : 0.0%
2026-05-10 09:58:58,364 - RAM Usage    : 7.0%  (545 MB used)
2026-05-10 09:58:58,364 - Disk Usage   : 0.2% (2 GB used)
2026-05-10 09:59:03,364 - ---Stats [09:59:03]---
2026-05-10 09:59:03,365 - CPU Usage    : 0.0%
2026-05-10 09:59:03,377 - RAM Usage    : 7.0%  (544 MB used)
2026-05-10 09:59:03,377 - Disk Usage   : 0.2% (2 GB used)
2026-05-10 09:59:08,378 - ---Stats [09:59:08]---
2026-05-10 09:59:08,378 - CPU Usage    : 0.0%
2026-05-10 09:59:08,392 - RAM Usage    : 7.0%  (544 MB used)
2026-05-10 09:59:08,392 - Disk Usage   : 0.2% (2 GB used)
2026-05-10 09:59:13,393 - ---Stats [09:59:13]---
2026-05-10 09:59:13,393 - CPU Usage    : 0.1%
2026-05-10 09:59:13,393 - RAM Usage    : 7.0%  (544 MB used)
2026-05-10 09:59:13,394 - Disk Usage   : 0.2% (2 GB used)
2026-05-10 09:59:18,394 - ---Stats [09:59:18]---
2026-05-10 09:59:18,394 - CPU Usage    : 0.0%
2026-05-10 09:59:18,407 - RAM Usage    : 7.0%  (542 MB used)
2026-05-10 09:59:18,407 - Disk Usage   : 0.2% (2 GB used)
2026-05-10 09:59:23,408 - ---Stats [09:59:23]---
2026-05-10 09:59:23,408 - CPU Usage    : 0.0%
2026-05-10 09:59:23,408 - RAM Usage    : 7.0%  (542 MB used)
2026-05-10 09:59:23,408 - Disk Usage   : 0.2% (2 GB used)
2026-05-10 09:59:28,408 - ---Stats [09:59:28]---
2026-05-10 09:59:28,409 - CPU Usage    : 0.0%
2026-05-10 09:59:28,409 - RAM Usage    : 7.0%  (542 MB used)
2026-05-10 09:59:28,409 - Disk Usage   : 0.2% (2 GB used)
2026-05-10 09:59:33,409 - ---Stats [09:59:33]---
2026-05-10 09:59:33,409 - CPU Usage    : 0.0%
2026-05-10 09:59:33,410 - RAM Usage    : 7.0%  (542 MB used)
2026-05-10 09:59:33,410 - Disk Usage   : 0.2% (2 GB used)
2026-05-10 09:59:38,411 - ---Stats [09:59:38]---
2026-05-10 09:59:38,412 - CPU Usage    : 0.0%
2026-05-10 09:59:38,424 - RAM Usage    : 7.0%  (542 MB used)
2026-05-10 09:59:38,425 - Disk Usage   : 0.2% (2 GB used)
2026-05-10 09:59:43,428 - ---Stats [09:59:43]---
2026-05-10 09:59:43,429 - CPU Usage    : 0.0%
2026-05-10 09:59:43,430 - RAM Usage    : 7.0%  (542 MB used)
2026-05-10 09:59:43,430 - Disk Usage   : 0.2% (2 GB used)
2026-05-10 09:59:48,431 - ---Stats [09:59:48]---
2026-05-10 09:59:48,431 - CPU Usage    : 0.1%
2026-05-10 09:59:48,431 - RAM Usage    : 7.0%  (542 MB used)
2026-05-10 09:59:48,431 - Disk Usage   : 0.2% (2 GB used)
2026-05-10 09:59:53,445 - ---Stats [09:59:53]---
2026-05-10 09:59:53,446 - CPU Usage    : 0.0%
2026-05-10 09:59:53,446 - RAM Usage    : 7.0%  (542 MB used)
2026-05-10 09:59:53,446 - Disk Usage   : 0.2% (2 GB used)
2026-05-10 09:59:58,447 - ---Stats [09:59:58]---
2026-05-10 09:59:58,448 - CPU Usage    : 0.0%
2026-05-10 09:59:58,449 - RAM Usage    : 7.0%  (543 MB used)
2026-05-10 09:59:58,450 - Disk Usage   : 0.2% (2 GB used)
2026-05-10 10:00:03,451 - ---Stats [10:00:03]---
2026-05-10 10:00:03,452 - CPU Usage    : 0.0%
2026-05-10 10:00:03,452 - RAM Usage    : 7.0%  (543 MB used)
2026-05-10 10:00:03,452 - Disk Usage   : 0.2% (2 GB used)
2026-05-10 10:00:08,453 - ---Stats [10:00:08]---
2026-05-10 10:00:08,453 - CPU Usage    : 0.0%
2026-05-10 10:00:08,453 - RAM Usage    : 7.0%  (543 MB used)
2026-05-10 10:00:08,453 - Disk Usage   : 0.2% (2 GB used)
2026-05-10 10:00:13,454 - ---Stats [10:00:13]---
2026-05-10 10:00:13,454 - CPU Usage    : 0.0%
2026-05-10 10:00:13,455 - RAM Usage    : 7.0%  (543 MB used)
2026-05-10 10:00:13,455 - Disk Usage   : 0.2% (2 GB used)
2026-05-10 10:00:18,456 - ---Stats [10:00:18]---
2026-05-10 10:00:18,456 - CPU Usage    : 0.0%
2026-05-10 10:00:18,456 - RAM Usage    : 7.0%  (543 MB used)
2026-05-10 10:00:18,456 - Disk Usage   : 0.2% (2 GB used)
2026-05-10 10:00:23,457 - ---Stats [10:00:23]---
2026-05-10 10:00:23,457 - CPU Usage    : 0.0%
2026-05-10 10:00:23,470 - RAM Usage    : 7.0%  (543 MB used)
2026-05-10 10:00:23,470 - Disk Usage   : 0.2% (2 GB used)
2026-05-10 10:00:28,471 - ---Stats [10:00:28]---
2026-05-10 10:00:28,471 - CPU Usage    : 0.0%
2026-05-10 10:00:28,472 - RAM Usage    : 7.0%  (543 MB used)
2026-05-10 10:00:28,472 - Disk Usage   : 0.2% (2 GB used)
2026-05-10 10:00:33,473 - ---Stats [10:00:33]---
2026-05-10 10:00:33,473 - CPU Usage    : 0.0%
2026-05-10 10:00:33,475 - RAM Usage    : 7.0%  (543 MB used)
2026-05-10 10:00:33,475 - Disk Usage   : 0.2% (2 GB used)
2026-05-10 10:00:38,479 - ---Stats [10:00:38]---
2026-05-10 10:00:38,479 - CPU Usage    : 0.1%
2026-05-10 10:00:38,492 - RAM Usage    : 7.0%  (543 MB used)
2026-05-10 10:00:38,492 - Disk Usage   : 0.2% (2 GB used)
2026-05-10 10:00:43,494 - ---Stats [10:00:43]---
2026-05-10 10:00:43,494 - CPU Usage    : 0.0%
2026-05-10 10:00:43,494 - RAM Usage    : 7.0%  (543 MB used)
2026-05-10 10:00:43,494 - Disk Usage   : 0.2% (2 GB used)
2026-05-10 10:00:48,496 - ---Stats [10:00:48]---
2026-05-10 10:00:48,496 - CPU Usage    : 0.1%
2026-05-10 10:00:48,497 - RAM Usage    : 7.0%  (543 MB used)
2026-05-10 10:00:48,497 - Disk Usage   : 0.2% (2 GB used)
2026-05-10 10:00:53,498 - ---Stats [10:00:53]---
2026-05-10 10:00:53,499 - CPU Usage    : 0.0%
2026-05-10 10:00:53,512 - RAM Usage    : 7.0%  (543 MB used)
2026-05-10 10:00:53,513 - Disk Usage   : 0.2% (2 GB used)
2026-05-10 10:00:58,515 - ---Stats [10:00:58]---
2026-05-10 10:00:58,515 - CPU Usage    : 0.0%
2026-05-10 10:00:58,516 - RAM Usage    : 7.0%  (543 MB used)
2026-05-10 10:00:58,516 - Disk Usage   : 0.2% (2 GB used)
2026-05-10 10:01:03,517 - ---Stats [10:01:03]---
2026-05-10 10:01:03,517 - CPU Usage    : 0.0%
2026-05-10 10:01:03,517 - RAM Usage    : 7.0%  (543 MB used)
2026-05-10 10:01:03,517 - Disk Usage   : 0.2% (2 GB used)
2026-05-10 10:01:08,518 - ---Stats [10:01:08]---
2026-05-10 10:01:08,518 - CPU Usage    : 0.0%
2026-05-10 10:01:08,530 - RAM Usage    : 7.0%  (543 MB used)
2026-05-10 10:01:08,531 - Disk Usage   : 0.2% (2 GB used)
2026-05-10 10:01:13,532 - ---Stats [10:01:13]---
2026-05-10 10:01:13,532 - CPU Usage    : 0.0%
2026-05-10 10:01:13,533 - RAM Usage    : 7.0%  (543 MB used)
2026-05-10 10:01:13,533 - Disk Usage   : 0.2% (2 GB used)
2026-05-10 10:01:18,534 - ---Stats [10:01:18]---
2026-05-10 10:01:18,534 - CPU Usage    : 0.1%
2026-05-10 10:01:18,534 - RAM Usage    : 7.0%  (544 MB used)
2026-05-10 10:01:18,547 - Disk Usage   : 0.2% (2 GB used)
2026-05-10 10:01:23,549 - ---Stats [10:01:23]---
2026-05-10 10:01:23,549 - CPU Usage    : 0.0%
2026-05-10 10:01:23,549 - RAM Usage    : 7.0%  (544 MB used)
2026-05-10 10:01:23,562 - Disk Usage   : 0.2% (2 GB used)
2026-05-10 10:01:28,564 - ---Stats [10:01:28]---
2026-05-10 10:01:28,565 - CPU Usage    : 0.0%
2026-05-10 10:01:28,567 - RAM Usage    : 7.0%  (544 MB used)
2026-05-10 10:01:28,567 - Disk Usage   : 0.2% (2 GB used)
2026-05-10 10:01:33,568 - ---Stats [10:01:33]---
2026-05-10 10:01:33,568 - CPU Usage    : 0.1%
2026-05-10 10:01:33,568 - RAM Usage    : 7.0%  (545 MB used)
2026-05-10 10:01:33,569 - Disk Usage   : 0.2% (2 GB used)
2026-05-10 10:01:38,569 - ---Stats [10:01:38]---
2026-05-10 10:01:38,570 - CPU Usage    : 0.0%
2026-05-10 10:01:38,570 - RAM Usage    : 7.0%  (544 MB used)
2026-05-10 10:01:38,570 - Disk Usage   : 0.2% (2 GB used)
2026-05-10 10:01:43,570 - ---Stats [10:01:43]---
2026-05-10 10:01:43,571 - CPU Usage    : 0.0%
2026-05-10 10:01:43,571 - RAM Usage    : 7.0%  (544 MB used)
2026-05-10 10:01:43,571 - Disk Usage   : 0.2% (2 GB used)
2026-05-10 10:01:48,573 - ---Stats [10:01:48]---
2026-05-10 10:01:48,573 - CPU Usage    : 0.0%
2026-05-10 10:01:48,587 - RAM Usage    : 7.0%  (545 MB used)
2026-05-10 10:01:48,587 - Disk Usage   : 0.2% (2 GB used)
2026-05-10 10:01:53,588 - ---Stats [10:01:53]---
2026-05-10 10:01:53,588 - CPU Usage    : 0.0%
2026-05-10 10:01:53,588 - RAM Usage    : 7.0%  (545 MB used)
2026-05-10 10:01:53,588 - Disk Usage   : 0.2% (2 GB used)
2026-05-10 10:01:58,590 - ---Stats [10:01:58]---
2026-05-10 10:01:58,590 - CPU Usage    : 0.0%
2026-05-10 10:01:58,590 - RAM Usage    : 7.0%  (545 MB used)
2026-05-10 10:01:58,590 - Disk Usage   : 0.2% (2 GB used)
2026-05-10 10:02:03,590 - ---Stats [10:02:03]---
2026-05-10 10:02:03,591 - CPU Usage    : 0.0%
2026-05-10 10:02:03,593 - RAM Usage    : 7.0%  (545 MB used)
2026-05-10 10:02:03,593 - Disk Usage   : 0.2% (2 GB used)
2026-05-10 10:02:08,595 - ---Stats [10:02:08]---
2026-05-10 10:02:08,596 - CPU Usage    : 0.1%
2026-05-10 10:02:08,598 - RAM Usage    : 7.0%  (543 MB used)
2026-05-10 10:02:08,598 - Disk Usage   : 0.2% (2 GB used)
2026-05-10 10:02:13,599 - ---Stats [10:02:13]---
2026-05-10 10:02:13,599 - CPU Usage    : 0.0%
2026-05-10 10:02:13,611 - RAM Usage    : 7.0%  (543 MB used)
2026-05-10 10:02:13,612 - Disk Usage   : 0.2% (2 GB used)
2026-05-10 10:02:18,612 - ---Stats [10:02:18]---
2026-05-10 10:02:18,613 - CPU Usage    : 0.1%
2026-05-10 10:02:18,613 - RAM Usage    : 7.0%  (543 MB used)
2026-05-10 10:02:18,613 - Disk Usage   : 0.2% (2 GB used)
2026-05-10 10:02:23,613 - ---Stats [10:02:23]---
2026-05-10 10:02:23,613 - CPU Usage    : 0.0%
2026-05-10 10:02:23,625 - RAM Usage    : 7.0%  (543 MB used)
2026-05-10 10:02:23,626 - Disk Usage   : 0.2% (2 GB used)
2026-05-10 10:02:28,627 - ---Stats [10:02:28]---
2026-05-10 10:02:28,628 - CPU Usage    : 0.0%
2026-05-10 10:02:28,642 - RAM Usage    : 7.0%  (543 MB used)
2026-05-10 10:02:28,642 - Disk Usage   : 0.2% (2 GB used)
2026-05-10 10:02:33,643 - ---Stats [10:02:33]---
2026-05-10 10:02:33,643 - CPU Usage    : 0.0%
2026-05-10 10:02:33,644 - RAM Usage    : 7.0%  (543 MB used)
2026-05-10 10:02:33,644 - Disk Usage   : 0.2% (2 GB used)
2026-05-10 10:02:38,646 - ---Stats [10:02:38]---
2026-05-10 10:02:38,646 - CPU Usage    : 0.0%
2026-05-10 10:02:38,659 - RAM Usage    : 7.0%  (544 MB used)
2026-05-10 10:02:38,659 - Disk Usage   : 0.2% (2 GB used)
2026-05-10 10:02:43,662 - ---Stats [10:02:43]---
2026-05-10 10:02:43,662 - CPU Usage    : 0.0%
2026-05-10 10:02:43,674 - RAM Usage    : 7.0%  (544 MB used)
2026-05-10 10:02:43,674 - Disk Usage   : 0.2% (2 GB used)
2026-05-10 10:02:48,675 - ---Stats [10:02:48]---
2026-05-10 10:02:48,676 - CPU Usage    : 0.0%
2026-05-10 10:02:48,688 - RAM Usage    : 7.0%  (544 MB used)
2026-05-10 10:02:48,688 - Disk Usage   : 0.2% (2 GB used)
2026-05-10 10:02:53,690 - ---Stats [10:02:53]---
2026-05-10 10:02:53,690 - CPU Usage    : 0.0%
2026-05-10 10:02:53,703 - RAM Usage    : 7.0%  (544 MB used)
2026-05-10 10:02:53,703 - Disk Usage   : 0.2% (2 GB used)
2026-05-10 10:02:58,704 - ---Stats [10:02:58]---
2026-05-10 10:02:58,704 - CPU Usage    : 0.0%
2026-05-10 10:02:58,717 - RAM Usage    : 7.0%  (544 MB used)
2026-05-10 10:02:58,717 - Disk Usage   : 0.2% (2 GB used)
2026-05-10 10:03:03,718 - ---Stats [10:03:03]---
2026-05-10 10:03:03,718 - CPU Usage    : 0.0%
2026-05-10 10:03:03,718 - RAM Usage    : 7.0%  (544 MB used)
2026-05-10 10:03:03,718 - Disk Usage   : 0.2% (2 GB used)
2026-05-10 10:03:08,719 - ---Stats [10:03:08]---
2026-05-10 10:03:08,719 - CPU Usage    : 0.1%
2026-05-10 10:03:08,719 - RAM Usage    : 7.0%  (544 MB used)
2026-05-10 10:03:08,719 - Disk Usage   : 0.2% (2 GB used)
2026-05-10 10:03:13,720 - ---Stats [10:03:13]---
2026-05-10 10:03:13,721 - CPU Usage    : 0.0%
2026-05-10 10:03:13,721 - RAM Usage    : 7.0%  (544 MB used)
2026-05-10 10:03:13,721 - Disk Usage   : 0.2% (2 GB used)
2026-05-10 10:03:18,721 - ---Stats [10:03:18]---
2026-05-10 10:03:18,721 - CPU Usage    : 0.0%
2026-05-10 10:03:18,721 - RAM Usage    : 7.0%  (544 MB used)
2026-05-10 10:03:18,721 - Disk Usage   : 0.2% (2 GB used)
2026-05-10 10:03:23,723 - ---Stats [10:03:23]---
2026-05-10 10:03:23,723 - CPU Usage    : 0.0%
2026-05-10 10:03:23,723 - RAM Usage    : 7.0%  (544 MB used)
2026-05-10 10:03:23,723 - Disk Usage   : 0.2% (2 GB used)
2026-05-10 10:03:28,728 - ---Stats [10:03:28]---
2026-05-10 10:03:28,729 - CPU Usage    : 0.0%
2026-05-10 10:03:28,743 - RAM Usage    : 7.0%  (544 MB used)
2026-05-10 10:03:28,743 - Disk Usage   : 0.2% (2 GB used)
2026-05-10 10:03:33,744 - ---Stats [10:03:33]---
2026-05-10 10:03:33,744 - CPU Usage    : 0.0%
2026-05-10 10:03:33,757 - RAM Usage    : 7.0%  (545 MB used)
2026-05-10 10:03:33,757 - Disk Usage   : 0.2% (2 GB used)
2026-05-10 10:03:38,759 - ---Stats [10:03:38]---
2026-05-10 10:03:38,759 - CPU Usage    : 0.0%
2026-05-10 10:03:38,772 - RAM Usage    : 7.0%  (545 MB used)
2026-05-10 10:03:38,772 - Disk Usage   : 0.2% (2 GB used)
2026-05-10 10:03:43,773 - ---Stats [10:03:43]---
2026-05-10 10:03:43,774 - CPU Usage    : 0.0%
2026-05-10 10:03:43,787 - RAM Usage    : 7.0%  (545 MB used)
2026-05-10 10:03:43,787 - Disk Usage   : 0.2% (2 GB used)
2026-05-10 10:03:48,789 - ---Stats [10:03:48]---
2026-05-10 10:03:48,789 - CPU Usage    : 0.0%
2026-05-10 10:03:48,802 - RAM Usage    : 7.0%  (545 MB used)
2026-05-10 10:03:48,802 - Disk Usage   : 0.2% (2 GB used)
2026-05-10 10:03:53,804 - ---Stats [10:03:53]---
2026-05-10 10:03:53,805 - CPU Usage    : 0.0%
2026-05-10 10:03:53,805 - RAM Usage    : 7.0%  (545 MB used)
2026-05-10 10:03:53,805 - Disk Usage   : 0.2% (2 GB used)
2026-05-10 10:03:58,806 - ---Stats [10:03:58]---
2026-05-10 10:03:58,806 - CPU Usage    : 0.0%
2026-05-10 10:03:58,806 - RAM Usage    : 7.0%  (545 MB used)
2026-05-10 10:03:58,806 - Disk Usage   : 0.2% (2 GB used)
2026-05-10 10:04:03,807 - ---Stats [10:04:03]---
2026-05-10 10:04:03,807 - CPU Usage    : 0.0%
2026-05-10 10:04:03,807 - RAM Usage    : 7.0%  (545 MB used)
2026-05-10 10:04:03,807 - Disk Usage   : 0.2% (2 GB used)
2026-05-10 10:04:08,808 - ---Stats [10:04:08]---
2026-05-10 10:04:08,808 - CPU Usage    : 0.0%
2026-05-10 10:04:08,808 - RAM Usage    : 7.0%  (545 MB used)
2026-05-10 10:04:08,808 - Disk Usage   : 0.2% (2 GB used)
2026-05-10 10:04:13,809 - ---Stats [10:04:13]---
2026-05-10 10:04:13,809 - CPU Usage    : 0.0%
2026-05-10 10:04:13,809 - RAM Usage    : 7.0%  (545 MB used)
2026-05-10 10:04:13,809 - Disk Usage   : 0.2% (2 GB used)
2026-05-10 10:04:18,811 - ---Stats [10:04:18]---
2026-05-10 10:04:18,811 - CPU Usage    : 0.0%
2026-05-10 10:04:18,825 - RAM Usage    : 7.0%  (545 MB used)
2026-05-10 10:04:18,825 - Disk Usage   : 0.2% (2 GB used)
2026-05-10 10:04:23,826 - ---Stats [10:04:23]---
2026-05-10 10:04:23,826 - CPU Usage    : 0.5%
2026-05-10 10:04:23,827 - RAM Usage    : 6.9%  (536 MB used)
2026-05-10 10:04:23,827 - Disk Usage   : 0.2% (2 GB used)
2026-05-10 10:07:04,457 - ---Stats [10:07:04]---
2026-05-10 10:07:04,457 - CPU Usage    : 0.8%
2026-05-10 10:07:04,457 - RAM Usage    : 7.0%  (546 MB used)
2026-05-10 10:07:04,457 - Disk Usage   : 0.2% (2 GB used)
2026-05-10 10:07:09,458 - ---Stats [10:07:09]---
2026-05-10 10:07:09,458 - CPU Usage    : 0.1%
2026-05-10 10:07:09,458 - RAM Usage    : 6.9%  (536 MB used)
2026-05-10 10:07:09,458 - Disk Usage   : 0.2% (2 GB used)
2026-05-10 10:07:14,459 - ---Stats [10:07:14]---
2026-05-10 10:07:14,459 - CPU Usage    : 0.1%
2026-05-10 10:07:14,459 - RAM Usage    : 6.9%  (533 MB used)
2026-05-10 10:07:14,459 - Disk Usage   : 0.2% (2 GB used)
2026-05-10 10:07:19,460 - ---Stats [2026-05-10 14:20:05,455 - ---Stats [14:20:05]---
2026-05-10 14:20:05,456 - CPU Usage    : 57.5%
2026-05-10 14:20:05,456 - RAM Usage    : 7.1%  (552 MB used)
2026-05-10 14:20:05,456 - Disk Usage   : 0.2% (2 GB used)
2026-05-10 14:20:10,457 - ---Stats [14:20:10]---
2026-05-10 14:20:10,457 - CPU Usage    : 4.3%
2026-05-10 14:20:10,457 - RAM Usage    : 7.0%  (546 MB used)
2026-05-10 14:20:10,457 - Disk Usage   : 0.2% (2 GB used)
2026-05-10 14:20:15,458 - ---Stats [14:20:15]---
2026-05-10 14:20:15,458 - CPU Usage    : 0.1%
2026-05-10 14:20:15,458 - RAM Usage    : 6.7%  (522 MB used)
2026-05-10 14:20:15,458 - Disk Usage   : 0.2% (2 GB used)
2026-05-10 14:20:20,458 - ---Stats [14:20:20]---
2026-05-10 14:20:20,458 - CPU Usage    : 0.0%
2026-05-10 14:20:20,458 - RAM Usage    : 6.7%  (520 MB used)
2026-05-10 14:20:20,458 - Disk Usage   : 0.2% (2 GB used)
2026-05-10 14:20:25,459 - ---Stats [14:20:25]---
2026-05-10 14:20:25,459 - CPU Usage    : 0.2%
2026-05-10 14:20:25,459 - RAM Usage    : 6.8%  (527 MB used)
2026-05-10 14:20:25,459 - Disk Usage   : 0.2% (2 GB used)
2026-05-10 14:20:30,460 - ---Stats [14:20:30]---
2026-05-10 14:20:30,460 - CPU Usage    : 0.6%
2026-05-10 14:20:30,460 - RAM Usage    : 6.8%  (525 MB used)
2026-05-10 14:20:30,460 - Disk Usage   : 0.2% (2 GB used)
2026-05-10 14:20:35,462 - ---Stats [14:20:35]---
2026-05-10 14:20:35,463 - CPU Usage    : 3.9%
2026-05-10 14:20:35,463 - RAM Usage    : 7.6%  (591 MB used)
2026-05-10 14:20:35,463 - Disk Usage   : 0.2% (2 GB used)
2026-05-10 14:20:40,464 - ---Stats [14:20:40]---
2026-05-10 14:20:40,465 - CPU Usage    : 0.6%
2026-05-10 14:20:40,466 - RAM Usage    : 7.4%  (577 MB used)
2026-05-10 14:20:40,466 - Disk Usage   : 0.2% (2 GB used)
2026-05-10 14:20:45,467 - ---Stats [14:20:45]---
2026-05-10 14:20:45,467 - CPU Usage    : 0.0%
2026-05-10 14:20:45,573 - RAM Usage    : 7.4%  (577 MB used)
2026-05-10 14:20:45,573 - Disk Usage   : 0.2% (2 GB used)
2026-05-10 14:20:50,574 - ---Stats [14:20:50]---
2026-05-10 14:20:50,574 - CPU Usage    : 0.1%
2026-05-10 14:20:50,574 - RAM Usage    : 7.4%  (575 MB used)
2026-05-10 14:20:50,575 - Disk Usage   : 0.2% (2 GB used)
2026-05-10 14:20:55,575 - ---Stats [14:20:55]---
2026-05-10 14:20:55,575 - CPU Usage    : 0.2%
2026-05-10 14:20:55,575 - RAM Usage    : 7.4%  (576 MB used)
2026-05-10 14:20:55,575 - Disk Usage   : 0.2% (2 GB used)
2026-05-10 14:21:00,576 - ---Stats [14:21:00]---
2026-05-10 14:21:00,576 - CPU Usage    : 0.4%
2026-05-10 14:21:00,576 - RAM Usage    : 7.6%  (588 MB used)
2026-05-10 14:21:00,576 - Disk Usage   : 0.2% (2 GB used)
2026-05-10 14:21:05,577 - ---Stats [14:21:05]---
2026-05-10 14:21:05,577 - CPU Usage    : 0.5%
2026-05-10 14:21:05,577 - RAM Usage    : 7.5%  (581 MB used)
2026-05-10 14:21:05,577 - Disk Usage   : 0.2% (2 GB used)
2026-05-10 14:21:10,578 - ---Stats [14:21:10]---
2026-05-10 14:21:10,578 - CPU Usage    : 0.2%
2026-05-10 14:21:10,579 - RAM Usage    : 7.5%  (582 MB used)
2026-05-10 14:21:10,579 - Disk Usage   : 0.2% (2 GB used)
2026-05-10 14:21:15,579 - ---Stats [14:21:15]---
2026-05-10 14:21:15,579 - CPU Usage    : 0.0%
2026-05-10 14:21:15,580 - RAM Usage    : 7.5%  (582 MB used)
2026-05-10 14:21:15,580 - Disk Usage   : 0.2% (2 GB used)
2026-05-10 14:21:20,580 - ---Stats [14:21:20]---
2026-05-10 14:21:20,580 - CPU Usage    : 0.0%
2026-05-10 14:21:20,581 - RAM Usage    : 7.5%  (582 MB used)
2026-05-10 14:21:20,581 - Disk Usage   : 0.2% (2 GB used)
2026-05-10 14:21:22,446 - ---Stats [14:21:22]---
2026-05-10 14:21:22,447 - CPU Usage    : 8.2%
2026-05-10 14:21:22,447 - RAM Usage    : 7.7%  (596 MB used)
2026-05-10 14:21:22,447 - Disk Usage   : 0.2% (2 GB used)
2026-05-10 14:21:22,447 - alert : cpu high!!!
2026-05-10 14:21:25,581 - ---Stats [14:21:25]---
2026-05-10 14:21:25,582 - CPU Usage    : 0.3%
2026-05-10 14:21:25,594 - RAM Usage    : 7.7%  (597 MB used)
2026-05-10 14:21:25,595 - Disk Usage   : 0.2% (2 GB used)
2026-05-10 14:21:30,596 - ---Stats [14:21:30]---
2026-05-10 14:21:30,604 - CPU Usage    : 0.0%
2026-05-10 14:21:30,604 - RAM Usage    : 7.7%  (597 MB used)
2026-05-10 14:21:30,604 - Disk Usage   : 0.2% (2 GB used)
2026-05-10 14:21:32,060 - ---Stats [14:21:32]---
2026-05-10 14:21:32,060 - CPU Usage    : 0.1%
2026-05-10 14:21:32,060 - RAM Usage    : 7.7%  (597 MB used)
2026-05-10 14:21:32,060 - Disk Usage   : 0.2% (2 GB used)
2026-05-10 14:21:32,060 - alert : cpu high!!!
2026-05-10 14:21:35,605 - ---Stats [14:21:35]---
2026-05-10 14:21:35,605 - CPU Usage    : 0.0%
2026-05-10 14:21:35,605 - RAM Usage    : 7.7%  (598 MB used)
2026-05-10 14:21:35,605 - Disk Usage   : 0.2% (2 GB used)
2026-05-10 14:21:40,606 - ---Stats [14:21:40]---
2026-05-10 14:21:40,606 - CPU Usage    : 0.0%
2026-05-10 14:21:40,606 - RAM Usage    : 7.7%  (598 MB used)
2026-05-10 14:21:40,606 - Disk Usage   : 0.2% (2 GB used)
2026-05-10 14:21:42,249 - ---Stats [14:21:42]---
2026-05-10 14:21:42,249 - CPU Usage    : 0.0%
2026-05-10 14:21:42,249 - RAM Usage    : 7.7%  (598 MB used)
2026-05-10 14:21:42,249 - Disk Usage   : 0.2% (2 GB used)
2026-05-10 14:21:42,249 - alert : cpu high!!!
2026-05-10 14:21:45,606 - ---Stats [14:21:45]---
2026-05-10 14:21:45,607 - CPU Usage    : 0.0%
2026-05-10 14:21:45,607 - RAM Usage    : 7.7%  (598 MB used)
2026-05-10 14:21:45,607 - Disk Usage   : 0.2% (2 GB used)
2026-05-10 14:21:50,608 - ---Stats [14:21:50]---
2026-05-10 14:21:50,608 - CPU Usage    : 0.0%
2026-05-10 14:21:50,608 - RAM Usage    : 7.7%  (598 MB used)
2026-05-10 14:21:50,608 - Disk Usage   : 0.2% (2 GB used)
2026-05-10 14:21:52,143 - ---Stats [14:21:52]---
2026-05-10 14:21:52,144 - CPU Usage    : 0.0%
2026-05-10 14:21:52,144 - RAM Usage    : 7.7%  (598 MB used)
2026-05-10 14:21:52,144 - Disk Usage   : 0.2% (2 GB used)
2026-05-10 14:21:52,144 - alert : cpu high!!!
2026-05-10 14:21:55,609 - ---Stats [14:21:55]---
2026-05-10 14:21:55,609 - CPU Usage    : 0.1%
2026-05-10 14:21:55,609 - RAM Usage    : 7.7%  (598 MB used)
2026-05-10 14:21:55,609 - Disk Usage   : 0.2% (2 GB used)
2026-05-10 14:22:00,610 - ---Stats [14:22:00]---
2026-05-10 14:22:00,610 - CPU Usage    : 0.0%
2026-05-10 14:22:00,610 - RAM Usage    : 7.7%  (598 MB used)
2026-05-10 14:22:00,610 - Disk Usage   : 0.2% (2 GB used)
2026-05-10 14:22:01,810 - ---Stats [14:22:01]---
2026-05-10 14:22:01,811 - CPU Usage    : 0.0%
2026-05-10 14:22:01,811 - RAM Usage    : 7.7%  (598 MB used)
2026-05-10 14:22:01,811 - Disk Usage   : 0.2% (2 GB used)
2026-05-10 14:22:01,811 - alert : cpu high!!!
2026-05-10 14:22:05,611 - ---Stats [14:22:05]---
2026-05-10 14:22:05,611 - CPU Usage    : 0.1%
2026-05-10 14:22:05,611 - RAM Usage    : 7.7%  (598 MB used)
2026-05-10 14:22:05,611 - Disk Usage   : 0.2% (2 GB used)
2026-05-10 14:22:10,612 - ---Stats [14:22:10]---
2026-05-10 14:22:10,613 - CPU Usage    : 0.0%
2026-05-10 14:22:10,615 - RAM Usage    : 7.7%  (598 MB used)
2026-05-10 14:22:10,615 - Disk Usage   : 0.2% (2 GB used)
2026-05-10 14:22:11,537 - ---Stats [14:22:11]---
2026-05-10 14:22:11,537 - CPU Usage    : 0.1%
2026-05-10 14:22:11,537 - RAM Usage    : 7.7%  (598 MB used)
2026-05-10 14:22:11,537 - Disk Usage   : 0.2% (2 GB used)
2026-05-10 14:22:11,537 - alert : cpu high!!!
2026-05-10 14:22:15,616 - ---Stats [14:22:15]---
2026-05-10 14:22:15,616 - CPU Usage    : 0.1%
2026-05-10 14:22:15,630 - RAM Usage    : 7.7%  (598 MB used)
2026-05-10 14:22:15,630 - Disk Usage   : 0.2% (2 GB used)
2026-05-10 14:22:20,631 - ---Stats [14:22:20]---
2026-05-10 14:22:20,631 - CPU Usage    : 0.0%
2026-05-10 14:22:20,631 - RAM Usage    : 7.7%  (598 MB used)
2026-05-10 14:22:20,631 - Disk Usage   : 0.2% (2 GB used)
2026-05-10 14:22:21,788 - ---Stats [14:22:21]---
2026-05-10 14:22:21,788 - CPU Usage    : 0.1%
2026-05-10 14:22:21,789 - RAM Usage    : 7.7%  (598 MB used)
2026-05-10 14:22:21,789 - Disk Usage   : 0.2% (2 GB used)
2026-05-10 14:22:21,789 - alert : cpu high!!!
2026-05-10 14:22:25,632 - ---Stats [14:22:25]---
2026-05-10 14:22:25,632 - CPU Usage    : 0.1%
2026-05-10 14:22:25,633 - RAM Usage    : 7.7%  (598 MB used)
2026-05-10 14:22:25,633 - Disk Usage   : 0.2% (2 GB used)
2026-05-10 14:22:30,633 - ---Stats [14:22:30]---
2026-05-10 14:22:30,633 - CPU Usage    : 0.0%
2026-05-10 14:22:30,633 - RAM Usage    : 7.7%  (598 MB used)
2026-05-10 14:22:30,633 - Disk Usage   : 0.2% (2 GB used)
2026-05-10 14:22:35,634 - ---Stats [14:22:35]---
2026-05-10 14:22:35,634 - CPU Usage    : 0.1%
2026-05-10 14:22:35,634 - RAM Usage    : 7.7%  (600 MB used)
2026-05-10 14:22:35,634 - Disk Usage   : 0.2% (2 GB used)
2026-05-10 14:22:40,635 - ---Stats [14:22:40]---
2026-05-10 14:22:40,635 - CPU Usage    : 0.0%
2026-05-10 14:22:40,635 - RAM Usage    : 7.7%  (598 MB used)
2026-05-10 14:22:40,635 - Disk Usage   : 0.2% (2 GB used)
2026-05-10 14:22:43,967 - ---Stats [14:22:43]---
2026-05-10 14:22:43,967 - CPU Usage    : 9.1%
2026-05-10 14:22:43,967 - RAM Usage    : 7.7%  (596 MB used)
2026-05-10 14:22:43,967 - Disk Usage   : 0.2% (2 GB used)
2026-05-10 14:22:43,967 - alert : cpu high!!!
2026-05-10 14:22:45,636 - ---Stats [14:22:45]---
2026-05-10 14:22:45,636 - CPU Usage    : 0.2%
2026-05-10 14:22:45,636 - RAM Usage    : 7.7%  (597 MB used)
2026-05-10 14:22:45,636 - Disk Usage   : 0.2% (2 GB used)
2026-05-10 14:22:50,637 - ---Stats [14:22:50]---
2026-05-10 14:22:50,637 - CPU Usage    : 0.1%
2026-05-10 14:22:50,637 - RAM Usage    : 7.7%  (597 MB used)
2026-05-10 14:22:50,637 - Disk Usage   : 0.2% (2 GB used)
2026-05-10 14:22:53,970 - ---Stats [14:22:53]---
2026-05-10 14:22:53,970 - CPU Usage    : 0.1%
2026-05-10 14:22:53,970 - RAM Usage    : 7.7%  (598 MB used)
2026-05-10 14:22:53,971 - Disk Usage   : 0.2% (2 GB used)
2026-05-10 14:22:53,971 - alert : cpu high!!!
2026-05-10 14:22:55,638 - ---Stats [14:22:55]---
2026-05-10 14:22:55,639 - CPU Usage    : 0.1%
2026-05-10 14:22:55,641 - RAM Usage    : 7.7%  (598 MB used)
2026-05-10 14:22:55,641 - Disk Usage   : 0.2% (2 GB used)
2026-05-10 14:23:00,642 - ---Stats [14:23:00]---
2026-05-10 14:23:00,642 - CPU Usage    : 0.0%
2026-05-10 14:23:00,642 - RAM Usage    : 7.7%  (598 MB used)
2026-05-10 14:23:00,642 - Disk Usage   : 0.2% (2 GB used)
2026-05-10 14:23:03,606 - ---Stats [14:23:03]---
2026-05-10 14:23:03,607 - CPU Usage    : 0.0%
2026-05-10 14:23:03,607 - RAM Usage    : 7.7%  (598 MB used)
2026-05-10 14:23:03,607 - Disk Usage   : 0.2% (2 GB used)
2026-05-10 14:23:03,607 - alert : cpu high!!!
2026-05-10 14:23:05,643 - ---Stats [14:23:05]---
2026-05-10 14:23:05,644 - CPU Usage    : 0.1%
2026-05-10 14:23:05,658 - RAM Usage    : 7.7%  (600 MB used)
2026-05-10 14:23:05,658 - Disk Usage   : 0.2% (2 GB used)
2026-05-10 14:23:10,666 - ---Stats [14:23:10]---
2026-05-10 14:23:10,666 - CPU Usage    : 0.1%
2026-05-10 14:23:10,667 - RAM Usage    : 7.7%  (599 MB used)
2026-05-10 14:23:10,667 - Disk Usage   : 0.2% (2 GB used)
2026-05-10 14:23:15,667 - ---Stats [14:23:15]---
2026-05-10 14:23:15,667 - CPU Usage    : 0.1%
2026-05-10 14:23:15,667 - RAM Usage    : 7.5%  (585 MB used)
2026-05-10 14:23:15,668 - Disk Usage   : 0.2% (2 GB used)
2026-05-10 14:23:20,668 - ---Stats [14:23:20]---
2026-05-10 14:23:20,669 - CPU Usage    : 0.0%
2026-05-10 14:23:20,669 - RAM Usage    : 7.5%  (585 MB used)
2026-05-10 14:23:20,669 - Disk Usage   : 0.2% (2 GB used)
2026-05-10 14:23:25,670 - ---Stats [14:23:25]---
2026-05-10 14:23:25,670 - CPU Usage    : 0.0%
2026-05-10 14:23:25,670 - RAM Usage    : 7.5%  (585 MB used)
2026-05-10 14:23:25,670 - Disk Usage   : 0.2% (2 GB used)
2026-05-10 14:23:30,671 - ---Stats [14:23:30]---
2026-05-10 14:23:30,671 - CPU Usage    : 0.0%
2026-05-10 14:23:30,671 - RAM Usage    : 7.5%  (583 MB used)
2026-05-10 14:23:30,671 - Disk Usage   : 0.2% (2 GB used)
2026-05-10 14:23:35,671 - ---Stats [14:23:35]---
2026-05-10 14:23:35,672 - CPU Usage    : 0.4%
2026-05-10 14:23:35,672 - RAM Usage    : 7.3%  (567 MB used)
2026-05-10 14:23:35,672 - Disk Usage   : 0.2% (2 GB used)
2026-05-10 14:23:40,673 - ---Stats [14:23:40]---
2026-05-10 14:23:40,674 - CPU Usage    : 0.0%
2026-05-10 14:23:40,674 - RAM Usage    : 7.3%  (565 MB used)
2026-05-10 14:23:40,674 - Disk Usage   : 0.2% (2 GB used)
2026-05-16 04:38:55,442 - ---Stats [04:38:55]---
2026-05-16 04:38:55,443 - CPU Usage    : 75.9%
2026-05-16 04:38:55,443 - RAM Usage    : 9.6%  (747 MB used)
2026-05-16 04:38:55,443 - Disk Usage   : 0.2% (2 GB used)
2026-05-16 04:38:55,443 - alert : cpu high!!!
2026-05-16 04:39:09,254 - ---Stats [04:39:09]---
2026-05-16 04:39:09,254 - CPU Usage    : 14.8%
2026-05-16 04:39:09,255 - RAM Usage    : 11.7%  (909 MB used)
2026-05-16 04:39:09,255 - Disk Usage   : 0.2% (2 GB used)
2026-05-16 04:39:09,255 - alert : cpu high!!!
2026-05-16 04:39:19,641 - ---Stats [04:39:19]---
2026-05-16 04:39:19,641 - CPU Usage    : 13.7%
2026-05-16 04:39:19,641 - RAM Usage    : 13.0%  (1006 MB used)
2026-05-16 04:39:19,641 - Disk Usage   : 0.2% (2 GB used)
2026-05-16 04:39:19,641 - alert : cpu high!!!
2026-05-16 04:39:29,367 - ---Stats [04:39:29]---
2026-05-16 04:39:29,367 - CPU Usage    : 8.3%
2026-05-16 04:39:29,367 - RAM Usage    : 14.3%  (1112 MB used)
2026-05-16 04:39:29,367 - Disk Usage   : 0.2% (2 GB used)
2026-05-16 04:39:29,367 - alert : cpu high!!!
2026-05-16 04:39:38,891 - ---Stats [04:39:38]---
2026-05-16 04:39:38,891 - CPU Usage    : 14.3%
2026-05-16 04:39:38,891 - RAM Usage    : 19.9%  (1542 MB used)
2026-05-16 04:39:38,891 - Disk Usage   : 0.2% (2 GB used)
2026-05-16 04:39:38,891 - alert : cpu high!!!
2026-05-16 04:39:48,432 - ---Stats [04:39:48]---
2026-05-16 04:39:48,432 - CPU Usage    : 15.1%
2026-05-16 04:39:48,432 - RAM Usage    : 21.9%  (1697 MB used)
2026-05-16 04:39:48,432 - Disk Usage   : 0.2% (2 GB used)
2026-05-16 04:39:48,432 - alert : cpu high!!!
2026-05-16 04:39:57,849 - ---Stats [04:39:57]---
2026-05-16 04:39:57,849 - CPU Usage    : 15.9%
2026-05-16 04:39:57,849 - RAM Usage    : 23.7%  (1842 MB used)
2026-05-16 04:39:57,849 - Disk Usage   : 0.2% (2 GB used)
2026-05-16 04:39:57,849 - alert : cpu high!!!
2026-05-16 04:40:07,563 - ---Stats [04:40:07]---
2026-05-16 04:40:07,563 - CPU Usage    : 15.5%
2026-05-16 04:40:07,563 - RAM Usage    : 26.3%  (2042 MB used)
2026-05-16 04:40:07,563 - Disk Usage   : 0.2% (2 GB used)
2026-05-16 04:40:07,563 - alert : cpu high!!!
2026-05-16 04:40:17,063 - ---Stats [04:40:17]---
2026-05-16 04:40:17,063 - CPU Usage    : 11.4%
2026-05-16 04:40:17,064 - RAM Usage    : 27.0%  (2094 MB used)
2026-05-16 04:40:17,064 - Disk Usage   : 0.2% (2 GB used)
2026-05-16 04:40:17,064 - alert : cpu high!!!
2026-05-16 04:40:26,813 - ---Stats [04:40:26]---
2026-05-16 04:40:26,814 - CPU Usage    : 13.5%
2026-05-16 04:40:26,814 - RAM Usage    : 28.9%  (2243 MB used)
2026-05-16 04:40:26,814 - Disk Usage   : 0.2% (2 GB used)
2026-05-16 04:40:26,814 - alert : cpu high!!!
2026-05-16 04:40:36,451 - ---Stats [04:40:36]---
2026-05-16 04:40:36,452 - CPU Usage    : 13.4%
2026-05-16 04:40:36,452 - RAM Usage    : 30.6%  (2376 MB used)
2026-05-16 04:40:36,452 - Disk Usage   : 0.2% (2 GB used)
2026-05-16 04:40:36,452 - alert : cpu high!!!
2026-05-16 04:40:45,752 - ---Stats [04:40:45]---
2026-05-16 04:40:45,753 - CPU Usage    : 15.4%
2026-05-16 04:40:45,753 - RAM Usage    : 30.5%  (2369 MB used)
2026-05-16 04:40:45,753 - Disk Usage   : 0.2% (2 GB used)
2026-05-16 04:40:45,753 - alert : cpu high!!!
2026-05-16 04:40:55,286 - ---Stats [04:40:55]---
2026-05-16 04:40:55,286 - CPU Usage    : 14.0%
2026-05-16 04:40:55,286 - RAM Usage    : 33.5%  (2600 MB used)
2026-05-16 04:40:55,286 - Disk Usage   : 0.2% (2 GB used)
2026-05-16 04:40:55,286 - alert : cpu high!!!
2026-05-16 04:41:04,764 - ---Stats [04:41:04]---
2026-05-16 04:41:04,764 - CPU Usage    : 14.2%
2026-05-16 04:41:04,765 - RAM Usage    : 36.4%  (2826 MB used)
2026-05-16 04:41:04,765 - Disk Usage   : 0.2% (2 GB used)
2026-05-16 04:41:04,765 - alert : cpu high!!!
2026-05-16 04:41:14,457 - ---Stats [04:41:14]---
2026-05-16 04:41:14,457 - CPU Usage    : 13.5%
2026-05-16 04:41:14,457 - RAM Usage    : 39.0%  (3026 MB used)
2026-05-16 04:41:14,457 - Disk Usage   : 0.2% (2 GB used)
2026-05-16 04:41:14,457 - alert : cpu high!!!
2026-05-16 04:41:23,854 - ---Stats [04:41:23]---
2026-05-16 04:41:23,854 - CPU Usage    : 14.8%
2026-05-16 04:41:23,854 - RAM Usage    : 40.3%  (3126 MB used)
2026-05-16 04:41:23,854 - Disk Usage   : 0.2% (2 GB used)
2026-05-16 04:41:23,854 - alert : cpu high!!!
2026-05-16 04:41:48,859 - ---Stats [04:41:48]---
2026-05-16 04:41:48,859 - CPU Usage    : 6.9%
2026-05-16 04:41:48,859 - RAM Usage    : 41.4%  (3213 MB used)
2026-05-16 04:41:48,859 - Disk Usage   : 0.2% (2 GB used)
2026-05-16 04:41:48,859 - alert : cpu high!!!
2026-05-16 04:41:58,258 - ---Stats [04:41:58]---
2026-05-16 04:41:58,258 - CPU Usage    : 5.6%
2026-05-16 04:41:58,258 - RAM Usage    : 41.9%  (3252 MB used)
2026-05-16 04:41:58,258 - Disk Usage   : 0.2% (2 GB used)
2026-05-16 04:41:58,258 - alert : cpu high!!!
2026-05-16 04:42:08,608 - ---Stats [04:42:08]---
2026-05-16 04:42:08,608 - CPU Usage    : 3.5%
2026-05-16 04:42:08,608 - RAM Usage    : 42.1%  (3264 MB used)
2026-05-16 04:42:08,608 - Disk Usage   : 0.2% (2 GB used)
2026-05-16 04:42:08,608 - alert : cpu high!!!
2026-05-16 04:42:18,343 - ---Stats [04:42:18]---
2026-05-16 04:42:18,343 - CPU Usage    : 3.0%
2026-05-16 04:42:18,343 - RAM Usage    : 42.1%  (3266 MB used)
2026-05-16 04:42:18,343 - Disk Usage   : 0.2% (2 GB used)
2026-05-16 04:42:18,343 - alert : cpu high!!!
2026-05-16 04:42:29,489 - ---Stats [04:42:29]---
2026-05-16 04:42:29,490 - CPU Usage    : 4.3%
2026-05-16 04:42:29,490 - RAM Usage    : 42.2%  (3276 MB used)
2026-05-16 04:42:29,490 - Disk Usage   : 0.2% (2 GB used)
2026-05-16 04:42:29,490 - alert : cpu high!!!
2026-05-16 04:42:40,712 - ---Stats [04:42:40]---
2026-05-16 04:42:40,713 - CPU Usage    : 3.9%
2026-05-16 04:42:40,713 - RAM Usage    : 42.2%  (3276 MB used)
2026-05-16 04:42:40,713 - Disk Usage   : 0.2% (2 GB used)
2026-05-16 04:42:40,713 - alert : cpu high!!!
2026-05-16 04:42:49,872 - ---Stats [04:42:49]---
2026-05-16 04:42:49,872 - CPU Usage    : 5.2%
2026-05-16 04:42:49,872 - RAM Usage    : 42.0%  (3258 MB used)
2026-05-16 04:42:49,872 - Disk Usage   : 0.2% (2 GB used)
2026-05-16 04:42:49,872 - alert : cpu high!!!
2026-05-16 04:42:59,594 - ---Stats [04:42:59]---
2026-05-16 04:42:59,594 - CPU Usage    : 4.3%
2026-05-16 04:42:59,594 - RAM Usage    : 42.0%  (3258 MB used)
2026-05-16 04:42:59,594 - Disk Usage   : 0.2% (2 GB used)
2026-05-16 04:42:59,594 - alert : cpu high!!!
2026-05-16 04:43:09,094 - ---Stats [04:43:09]---
2026-05-16 04:43:09,094 - CPU Usage    : 3.8%
2026-05-16 04:43:09,094 - RAM Usage    : 42.2%  (3277 MB used)
2026-05-16 04:43:09,094 - Disk Usage   : 0.2% (2 GB used)
2026-05-16 04:43:09,094 - alert : cpu high!!!
2026-05-16 04:43:18,439 - ---Stats [04:43:18]---
2026-05-16 04:43:18,440 - CPU Usage    : 3.3%
2026-05-16 04:43:18,440 - RAM Usage    : 42.3%  (3282 MB used)
2026-05-16 04:43:18,440 - Disk Usage   : 0.2% (2 GB used)
2026-05-16 04:43:18,440 - alert : cpu high!!!
2026-05-16 04:43:27,834 - ---Stats [04:43:27]---
2026-05-16 04:43:27,834 - CPU Usage    : 3.6%
2026-05-16 04:43:27,834 - RAM Usage    : 42.2%  (3279 MB used)
2026-05-16 04:43:27,834 - Disk Usage   : 0.2% (2 GB used)
2026-05-16 04:43:27,835 - alert : cpu high!!!
2026-05-16 04:43:36,872 - ---Stats [04:43:36]---
2026-05-16 04:43:36,872 - CPU Usage    : 5.2%
2026-05-16 04:43:36,872 - RAM Usage    : 41.9%  (3253 MB used)
2026-05-16 04:43:36,872 - Disk Usage   : 0.2% (2 GB used)
2026-05-16 04:43:36,872 - alert : cpu high!!!
2026-05-16 04:43:46,731 - ---Stats [04:43:46]---
2026-05-16 04:43:46,732 - CPU Usage    : 5.5%
2026-05-16 04:43:46,732 - RAM Usage    : 41.8%  (3245 MB used)
2026-05-16 04:43:46,732 - Disk Usage   : 0.2% (2 GB used)
2026-05-16 04:43:46,732 - alert : cpu high!!!
2026-05-16 04:43:56,698 - ---Stats [04:43:56]---
2026-05-16 04:43:56,698 - CPU Usage    : 3.2%
2026-05-16 04:43:56,698 - RAM Usage    : 41.8%  (3244 MB used)
2026-05-16 04:43:56,699 - Disk Usage   : 0.2% (2 GB used)
2026-05-16 04:43:56,699 - alert : cpu high!!!
2026-05-16 04:44:06,360 - ---Stats [04:44:06]---
2026-05-16 04:44:06,360 - CPU Usage    : 4.3%
2026-05-16 04:44:06,360 - RAM Usage    : 41.8%  (3244 MB used)
2026-05-16 04:44:06,360 - Disk Usage   : 0.2% (2 GB used)
2026-05-16 04:44:06,360 - alert : cpu high!!!
2026-05-16 04:44:15,767 - ---Stats [04:44:15]---
2026-05-16 04:44:15,768 - CPU Usage    : 4.1%
2026-05-16 04:44:15,768 - RAM Usage    : 41.6%  (3228 MB used)
2026-05-16 04:44:15,768 - Disk Usage   : 0.2% (2 GB used)
2026-05-16 04:44:15,768 - alert : cpu high!!!
2026-05-16 04:44:25,371 - ---Stats [04:44:25]---
2026-05-16 04:44:25,371 - CPU Usage    : 3.2%
2026-05-16 04:44:25,371 - RAM Usage    : 41.5%  (3223 MB used)
2026-05-16 04:44:25,371 - Disk Usage   : 0.2% (2 GB used)
2026-05-16 04:44:25,372 - alert : cpu high!!!
2026-05-16 04:44:34,723 - ---Stats [04:44:34]---
2026-05-16 04:44:34,723 - CPU Usage    : 5.6%
2026-05-16 04:44:34,723 - RAM Usage    : 41.7%  (3240 MB used)
2026-05-16 04:44:34,723 - Disk Usage   : 0.2% (2 GB used)
2026-05-16 04:44:34,723 - alert : cpu high!!!
2026-05-16 04:44:45,580 - ---Stats [04:44:45]---
2026-05-16 04:44:45,580 - CPU Usage    : 5.7%
2026-05-16 04:44:45,580 - RAM Usage    : 42.2%  (3274 MB used)
2026-05-16 04:44:45,580 - Disk Usage   : 0.2% (2 GB used)
2026-05-16 04:44:45,580 - alert : cpu high!!!
2026-05-16 04:44:54,997 - ---Stats [04:44:54]---
2026-05-16 04:44:54,997 - CPU Usage    : 3.3%
2026-05-16 04:44:54,997 - RAM Usage    : 42.0%  (3262 MB used)
2026-05-16 04:44:54,997 - Disk Usage   : 0.2% (2 GB used)
2026-05-16 04:44:54,997 - alert : cpu high!!!
2026-05-16 04:45:05,062 - ---Stats [04:45:05]---
2026-05-16 04:45:05,062 - CPU Usage    : 6.4%
2026-05-16 04:45:05,062 - RAM Usage    : 42.5%  (3302 MB used)
2026-05-16 04:45:05,062 - Disk Usage   : 0.2% (2 GB used)
2026-05-16 04:45:05,062 - alert : cpu high!!!
2026-05-16 04:45:18,762 - ---Stats [04:45:18]---
2026-05-16 04:45:18,762 - CPU Usage    : 5.5%
2026-05-16 04:45:18,762 - RAM Usage    : 42.3%  (3282 MB used)
2026-05-16 04:45:18,762 - Disk Usage   : 0.2% (2 GB used)
2026-05-16 04:45:18,762 - alert : cpu high!!!
2026-05-16 04:45:29,578 - ---Stats [04:45:29]---
2026-05-16 04:45:29,578 - CPU Usage    : 8.8%
2026-05-16 04:45:29,578 - RAM Usage    : 42.7%  (3314 MB used)
2026-05-16 04:45:29,578 - Disk Usage   : 0.2% (2 GB used)
2026-05-16 04:45:29,578 - alert : cpu high!!!
2026-05-16 04:45:38,777 - ---Stats [04:45:38]---
2026-05-16 04:45:38,777 - CPU Usage    : 5.1%
2026-05-16 04:45:38,777 - RAM Usage    : 43.5%  (3376 MB used)
2026-05-16 04:45:38,777 - Disk Usage   : 0.2% (2 GB used)
2026-05-16 04:45:38,777 - alert : cpu high!!!
2026-05-16 04:45:48,243 - ---Stats [04:45:48]---
2026-05-16 04:45:48,244 - CPU Usage    : 4.1%
2026-05-16 04:45:48,244 - RAM Usage    : 43.6%  (3383 MB used)
2026-05-16 04:45:48,244 - Disk Usage   : 0.2% (2 GB used)
2026-05-16 04:45:48,244 - alert : cpu high!!!
2026-05-16 04:45:57,646 - ---Stats [04:45:57]---
2026-05-16 04:45:57,646 - CPU Usage    : 4.1%
2026-05-16 04:45:57,647 - RAM Usage    : 43.6%  (3384 MB used)
2026-05-16 04:45:57,647 - Disk Usage   : 0.2% (2 GB used)
2026-05-16 04:45:57,647 - alert : cpu high!!!
2026-05-16 04:46:06,986 - ---Stats [04:46:06]---
2026-05-16 04:46:06,987 - CPU Usage    : 5.3%
2026-05-16 04:46:06,987 - RAM Usage    : 43.7%  (3389 MB used)
2026-05-16 04:46:06,987 - Disk Usage   : 0.2% (2 GB used)
2026-05-16 04:46:06,987 - alert : cpu high!!!
2026-05-16 04:46:16,473 - ---Stats [04:46:16]---
2026-05-16 04:46:16,473 - CPU Usage    : 3.3%
2026-05-16 04:46:16,473 - RAM Usage    : 43.7%  (3389 MB used)
2026-05-16 04:46:16,473 - Disk Usage   : 0.2% (2 GB used)
2026-05-16 04:46:16,473 - alert : cpu high!!!
2026-05-16 04:46:26,235 - ---Stats [04:46:26]---
2026-05-16 04:46:26,235 - CPU Usage    : 3.2%
2026-05-16 04:46:26,235 - RAM Usage    : 43.7%  (3391 MB used)
2026-05-16 04:46:26,235 - Disk Usage   : 0.2% (2 GB used)
2026-05-16 04:46:26,235 - alert : cpu high!!!
2026-05-16 04:46:35,558 - ---Stats [04:46:35]---
2026-05-16 04:46:35,558 - CPU Usage    : 5.4%
2026-05-16 04:46:35,558 - RAM Usage    : 43.8%  (3400 MB used)
2026-05-16 04:46:35,558 - Disk Usage   : 0.2% (2 GB used)
2026-05-16 04:46:35,558 - alert : cpu high!!!
2026-05-16 04:46:44,847 - ---Stats [04:46:44]---
2026-05-16 04:46:44,847 - CPU Usage    : 4.2%
2026-05-16 04:46:44,847 - RAM Usage    : 43.8%  (3401 MB used)
2026-05-16 04:46:44,847 - Disk Usage   : 0.2% (2 GB used)
2026-05-16 04:46:44,847 - alert : cpu high!!!
2026-05-16 04:46:54,398 - ---Stats [04:46:54]---
2026-05-16 04:46:54,398 - CPU Usage    : 4.6%
2026-05-16 04:46:54,398 - RAM Usage    : 43.8%  (3398 MB used)
2026-05-16 04:46:54,398 - Disk Usage   : 0.2% (2 GB used)
2026-05-16 04:46:54,398 - alert : cpu high!!!
2026-05-16 04:47:03,921 - ---Stats [04:47:03]---
2026-05-16 04:47:03,921 - CPU Usage    : 6.1%
2026-05-16 04:47:03,921 - RAM Usage    : 43.8%  (3398 MB used)
2026-05-16 04:47:03,921 - Disk Usage   : 0.2% (2 GB used)
2026-05-16 04:47:03,921 - alert : cpu high!!!
2026-05-16 04:47:13,493 - ---Stats [04:47:13]---
2026-05-16 04:47:13,493 - CPU Usage    : 4.0%
2026-05-16 04:47:13,493 - RAM Usage    : 44.0%  (3414 MB used)
2026-05-16 04:47:13,493 - Disk Usage   : 0.2% (2 GB used)
2026-05-16 04:47:13,493 - alert : cpu high!!!
2026-05-16 04:47:23,154 - ---Stats [04:47:23]---
2026-05-16 04:47:23,154 - CPU Usage    : 3.4%
2026-05-16 04:47:23,154 - RAM Usage    : 43.8%  (3402 MB used)
2026-05-16 04:47:23,154 - Disk Usage   : 0.2% (2 GB used)
2026-05-16 04:47:23,154 - alert : cpu high!!!
2026-05-16 04:47:32,796 - ---Stats [04:47:32]---
2026-05-16 04:47:32,796 - CPU Usage    : 3.9%
2026-05-16 04:47:32,796 - RAM Usage    : 44.0%  (3418 MB used)
2026-05-16 04:47:32,796 - Disk Usage   : 0.2% (2 GB used)
2026-05-16 04:47:32,796 - alert : cpu high!!!
2026-05-16 04:47:43,038 - ---Stats [04:47:43]---
2026-05-16 04:47:43,038 - CPU Usage    : 4.5%
2026-05-16 04:47:43,038 - RAM Usage    : 42.9%  (3330 MB used)
2026-05-16 04:47:43,038 - Disk Usage   : 0.2% (2 GB used)
2026-05-16 04:47:43,038 - alert : cpu high!!!
2026-05-16 04:47:54,201 - ---Stats [04:47:54]---
2026-05-16 04:47:54,201 - CPU Usage    : 3.3%
2026-05-16 04:47:54,201 - RAM Usage    : 43.1%  (3342 MB used)
2026-05-16 04:47:54,201 - Disk Usage   : 0.2% (2 GB used)
2026-05-16 04:47:54,201 - alert : cpu high!!!
2026-05-16 04:48:03,686 - ---Stats [04:48:03]---
2026-05-16 04:48:03,686 - CPU Usage    : 4.8%
2026-05-16 04:48:03,687 - RAM Usage    : 42.9%  (3327 MB used)
2026-05-16 04:48:03,687 - Disk Usage   : 0.2% (2 GB used)
2026-05-16 04:48:03,687 - alert : cpu high!!!
2026-05-16 04:48:13,244 - ---Stats [04:48:13]---
2026-05-16 04:48:13,244 - CPU Usage    : 4.2%
2026-05-16 04:48:13,244 - RAM Usage    : 42.9%  (3326 MB used)
2026-05-16 04:48:13,244 - Disk Usage   : 0.2% (2 GB used)
2026-05-16 04:48:13,244 - alert : cpu high!!!
2026-05-16 04:48:22,868 - ---Stats [04:48:22]---
2026-05-16 04:48:22,868 - CPU Usage    : 2.9%
2026-05-16 04:48:22,868 - RAM Usage    : 42.8%  (3323 MB used)
2026-05-16 04:48:22,868 - Disk Usage   : 0.2% (2 GB used)
2026-05-16 04:48:22,868 - alert : cpu high!!!
2026-05-16 04:48:32,475 - ---Stats [04:48:32]---
2026-05-16 04:48:32,475 - CPU Usage    : 4.7%
2026-05-16 04:48:32,475 - RAM Usage    : 43.2%  (3353 MB used)
2026-05-16 04:48:32,475 - Disk Usage   : 0.2% (2 GB used)
2026-05-16 04:48:32,475 - alert : cpu high!!!
2026-05-16 04:48:42,018 - ---Stats [04:48:42]---
2026-05-16 04:48:42,018 - CPU Usage    : 3.8%
2026-05-16 04:48:42,018 - RAM Usage    : 43.1%  (3348 MB used)
2026-05-16 04:48:42,018 - Disk Usage   : 0.2% (2 GB used)
2026-05-16 04:48:42,018 - alert : cpu high!!!
2026-05-16 04:48:51,538 - ---Stats [04:48:51]---
2026-05-16 04:48:51,538 - CPU Usage    : 3.4%
2026-05-16 04:48:51,538 - RAM Usage    : 43.2%  (3354 MB used)
2026-05-16 04:48:51,538 - Disk Usage   : 0.2% (2 GB used)
2026-05-16 04:48:51,538 - alert : cpu high!!!
2026-05-16 04:49:01,065 - ---Stats [04:49:01]---
2026-05-16 04:49:01,066 - CPU Usage    : 3.7%
2026-05-16 04:49:01,066 - RAM Usage    : 43.2%  (3355 MB used)
2026-05-16 04:49:01,066 - Disk Usage   : 0.2% (2 GB used)
2026-05-16 04:49:01,066 - alert : cpu high!!!
2026-05-16 04:49:10,591 - ---Stats [04:49:10]---
2026-05-16 04:49:10,591 - CPU Usage    : 3.4%
2026-05-16 04:49:10,591 - RAM Usage    : 43.3%  (3360 MB used)
2026-05-16 04:49:10,591 - Disk Usage   : 0.2% (2 GB used)
2026-05-16 04:49:10,591 - alert : cpu high!!!
2026-05-16 04:49:20,215 - ---Stats [04:49:20]---
2026-05-16 04:49:20,215 - CPU Usage    : 3.5%
2026-05-16 04:49:20,215 - RAM Usage    : 43.1%  (3345 MB used)
2026-05-16 04:49:20,216 - Disk Usage   : 0.2% (2 GB used)
2026-05-16 04:49:20,216 - alert : cpu high!!!
2026-05-16 04:49:29,735 - ---Stats [04:49:29]---
2026-05-16 04:49:29,736 - CPU Usage    : 4.2%
2026-05-16 04:49:29,736 - RAM Usage    : 43.1%  (3345 MB used)
2026-05-16 04:49:29,736 - Disk Usage   : 0.2% (2 GB used)
2026-05-16 04:49:29,736 - alert : cpu high!!!
2026-05-16 04:49:39,156 - ---Stats [04:49:39]---
2026-05-16 04:49:39,156 - CPU Usage    : 2.9%
2026-05-16 04:49:39,156 - RAM Usage    : 43.5%  (3373 MB used)
2026-05-16 04:49:39,156 - Disk Usage   : 0.2% (2 GB used)
2026-05-16 04:49:39,156 - alert : cpu high!!!
2026-05-16 04:49:48,849 - ---Stats [04:49:48]---
2026-05-16 04:49:48,849 - CPU Usage    : 2.6%
2026-05-16 04:49:48,849 - RAM Usage    : 43.4%  (3372 MB used)
2026-05-16 04:49:48,849 - Disk Usage   : 0.2% (2 GB used)
2026-05-16 04:49:48,849 - alert : cpu high!!!
2026-05-16 04:49:58,508 - ---Stats [04:49:58]---
2026-05-16 04:49:58,508 - CPU Usage    : 3.2%
2026-05-16 04:49:58,508 - RAM Usage    : 43.2%  (3355 MB used)
2026-05-16 04:49:58,508 - Disk Usage   : 0.2% (2 GB used)
2026-05-16 04:49:58,509 - alert : cpu high!!!
2026-05-16 04:50:08,341 - ---Stats [04:50:08]---
2026-05-16 04:50:08,341 - CPU Usage    : 2.4%
2026-05-16 04:50:08,341 - RAM Usage    : 43.2%  (3353 MB used)
2026-05-16 04:50:08,341 - Disk Usage   : 0.2% (2 GB used)
2026-05-16 04:50:08,341 - alert : cpu high!!!
2026-05-16 04:50:17,764 - ---Stats [04:50:17]---
2026-05-16 04:50:17,764 - CPU Usage    : 2.1%
2026-05-16 04:50:17,764 - RAM Usage    : 43.1%  (3345 MB used)
2026-05-16 04:50:17,764 - Disk Usage   : 0.2% (2 GB used)
2026-05-16 04:50:17,764 - alert : cpu high!!!
2026-05-16 04:50:27,185 - ---Stats [04:50:27]---
2026-05-16 04:50:27,185 - CPU Usage    : 4.9%
2026-05-16 04:50:27,185 - RAM Usage    : 43.1%  (3346 MB used)
2026-05-16 04:50:27,185 - Disk Usage   : 0.2% (2 GB used)
2026-05-16 04:50:27,185 - alert : cpu high!!!
2026-05-16 04:50:42,326 - ---Stats [04:50:42]---
2026-05-16 04:50:42,326 - CPU Usage    : 7.4%
2026-05-16 04:50:42,326 - RAM Usage    : 43.2%  (3356 MB used)
2026-05-16 04:50:42,326 - Disk Usage   : 0.2% (2 GB used)
2026-05-16 04:50:42,326 - alert : cpu high!!!
2026-05-16 04:50:51,967 - ---Stats [04:50:51]---
2026-05-16 04:50:51,971 - CPU Usage    : 3.5%
2026-05-16 04:50:51,971 - RAM Usage    : 43.2%  (3355 MB used)
2026-05-16 04:50:51,971 - Disk Usage   : 0.2% (2 GB used)
2026-05-16 04:50:51,971 - alert : cpu high!!!
2026-05-16 04:50:55,594 - ---Stats [04:50:55]---
2026-05-16 04:50:55,594 - CPU Usage    : 11.1%
2026-05-16 04:50:55,594 - RAM Usage    : 43.4%  (3371 MB used)
2026-05-16 04:50:55,594 - Disk Usage   : 0.2% (2 GB used)
2026-05-16 04:51:00,595 - ---Stats [04:51:00]---
2026-05-16 04:51:00,596 - CPU Usage    : 5.0%
2026-05-16 04:51:00,596 - RAM Usage    : 43.6%  (3383 MB used)
2026-05-16 04:51:00,596 - Disk Usage   : 0.2% (2 GB used)
2026-05-16 04:51:01,690 - ---Stats [04:51:01]---
2026-05-16 04:51:01,690 - CPU Usage    : 5.0%
2026-05-16 04:51:01,690 - RAM Usage    : 43.5%  (3379 MB used)
2026-05-16 04:51:01,690 - Disk Usage   : 0.2% (2 GB used)
2026-05-16 04:51:01,690 - alert : cpu high!!!
2026-05-16 04:51:05,596 - ---Stats [04:51:05]---
2026-05-16 04:51:05,596 - CPU Usage    : 5.7%
2026-05-16 04:51:05,596 - RAM Usage    : 43.7%  (3396 MB used)
2026-05-16 04:51:05,596 - Disk Usage   : 0.2% (2 GB used)
2026-05-16 04:51:10,597 - ---Stats [04:51:10]---
2026-05-16 04:51:10,597 - CPU Usage    : 3.5%
2026-05-16 04:51:10,597 - RAM Usage    : 43.8%  (3396 MB used)
2026-05-16 04:51:10,597 - Disk Usage   : 0.2% (2 GB used)
2026-05-16 04:51:13,832 - ---Stats [04:51:13]---
2026-05-16 04:51:13,832 - CPU Usage    : 4.1%
2026-05-16 04:51:13,832 - RAM Usage    : 43.7%  (3395 MB used)
2026-05-16 04:51:13,833 - Disk Usage   : 0.2% (2 GB used)
2026-05-16 04:51:13,833 - alert : cpu high!!!
2026-05-16 04:51:15,598 - ---Stats [04:51:15]---
2026-05-16 04:51:15,598 - CPU Usage    : 4.2%
2026-05-16 04:51:15,598 - RAM Usage    : 43.7%  (3392 MB used)
2026-05-16 04:51:15,598 - Disk Usage   : 0.2% (2 GB used)
2026-05-16 04:51:20,599 - ---Stats [04:51:20]---
2026-05-16 04:51:20,599 - CPU Usage    : 3.2%
2026-05-16 04:51:20,599 - RAM Usage    : 43.9%  (3405 MB used)
2026-05-16 04:51:20,599 - Disk Usage   : 0.2% (2 GB used)
2026-05-16 04:51:25,518 - ---Stats [04:51:25]---
2026-05-16 04:51:25,518 - CPU Usage    : 3.9%
2026-05-16 04:51:25,518 - RAM Usage    : 43.9%  (3404 MB used)
2026-05-16 04:51:25,518 - Disk Usage   : 0.2% (2 GB used)
2026-05-16 04:51:25,518 - alert : cpu high!!!
2026-05-16 04:51:25,597 - ---Stats [04:51:25]---
2026-05-16 04:51:25,597 - CPU Usage    : 4.3%
2026-05-16 04:51:25,597 - RAM Usage    : 43.8%  (3403 MB used)
2026-05-16 04:51:25,597 - Disk Usage   : 0.2% (2 GB used)
2026-05-16 04:51:30,598 - ---Stats [04:51:30]---
2026-05-16 04:51:30,598 - CPU Usage    : 4.5%
2026-05-16 04:51:30,598 - RAM Usage    : 44.7%  (3470 MB used)
2026-05-16 04:51:30,598 - Disk Usage   : 0.2% (2 GB used)
2026-05-16 04:51:35,598 - ---Stats [04:51:35]---
2026-05-16 04:51:35,598 - CPU Usage    : 4.4%
2026-05-16 04:51:35,599 - RAM Usage    : 44.7%  (3466 MB used)
2026-05-16 04:51:35,599 - Disk Usage   : 0.2% (2 GB used)
2026-05-16 04:51:36,121 - ---Stats [04:51:36]---
2026-05-16 04:51:36,121 - CPU Usage    : 4.5%
2026-05-16 04:51:36,121 - RAM Usage    : 44.7%  (3470 MB used)
2026-05-16 04:51:36,121 - Disk Usage   : 0.2% (2 GB used)
2026-05-16 04:51:36,121 - alert : cpu high!!!
2026-05-16 04:51:40,599 - ---Stats [04:51:40]---
2026-05-16 04:51:40,599 - CPU Usage    : 2.9%
2026-05-16 04:51:40,611 - RAM Usage    : 44.7%  (3470 MB used)
2026-05-16 04:51:40,611 - Disk Usage   : 0.2% (2 GB used)
2026-05-16 04:51:45,612 - ---Stats [04:51:45]---
2026-05-16 04:51:45,612 - CPU Usage    : 6.2%
2026-05-16 04:51:45,614 - RAM Usage    : 45.0%  (3490 MB used)
2026-05-16 04:51:45,614 - Disk Usage   : 0.2% (2 GB used)
2026-05-16 04:51:48,927 - ---Stats [04:51:48]---
2026-05-16 04:51:48,927 - CPU Usage    : 3.9%
2026-05-16 04:51:48,928 - RAM Usage    : 44.9%  (3488 MB used)
2026-05-16 04:51:48,928 - Disk Usage   : 0.2% (2 GB used)
2026-05-16 04:51:48,928 - alert : cpu high!!!
2026-05-16 04:51:50,614 - ---Stats [04:51:50]---
2026-05-16 04:51:50,614 - CPU Usage    : 2.5%
2026-05-16 04:51:50,627 - RAM Usage    : 45.0%  (3490 MB used)
2026-05-16 04:51:50,627 - Disk Usage   : 0.2% (2 GB used)
2026-05-16 04:51:55,627 - ---Stats [04:51:55]---
2026-05-16 04:51:55,627 - CPU Usage    : 4.3%
2026-05-16 04:51:55,628 - RAM Usage    : 43.9%  (3406 MB used)
2026-05-16 04:51:55,628 - Disk Usage   : 0.2% (2 GB used)
2026-05-16 04:52:00,229 - ---Stats [04:52:00]---
2026-05-16 04:52:00,229 - CPU Usage    : 4.2%
2026-05-16 04:52:00,230 - RAM Usage    : 44.1%  (3422 MB used)
2026-05-16 04:52:00,231 - Disk Usage   : 0.2% (2 GB used)
2026-05-16 04:52:00,231 - alert : cpu high!!!
2026-05-16 04:52:00,628 - ---Stats [04:52:00]---
2026-05-16 04:52:00,629 - CPU Usage    : 5.0%
2026-05-16 04:52:00,629 - RAM Usage    : 44.3%  (3438 MB used)
2026-05-16 04:52:00,629 - Disk Usage   : 0.2% (2 GB used)
2026-05-16 04:52:05,630 - ---Stats [04:52:05]---
2026-05-16 04:52:05,630 - CPU Usage    : 3.3%
2026-05-16 04:52:05,642 - RAM Usage    : 44.4%  (3449 MB used)
2026-05-16 04:52:05,642 - Disk Usage   : 0.2% (2 GB used)
2026-05-16 04:52:10,643 - ---Stats [04:52:10]---
2026-05-16 04:52:10,643 - CPU Usage    : 2.5%
2026-05-16 04:52:10,644 - RAM Usage    : 44.4%  (3446 MB used)
2026-05-16 04:52:10,644 - Disk Usage   : 0.2% (2 GB used)
2026-05-16 04:52:12,628 - ---Stats [04:52:12]---
2026-05-16 04:52:12,628 - CPU Usage    : 3.3%
2026-05-16 04:52:12,628 - RAM Usage    : 44.5%  (3451 MB used)
2026-05-16 04:52:12,628 - Disk Usage   : 0.2% (2 GB used)
2026-05-16 04:52:12,628 - alert : cpu high!!!
2026-05-16 04:52:23,222 - ---Stats [04:52:23]---
2026-05-16 04:52:23,223 - CPU Usage    : 2.9%
2026-05-16 04:52:23,223 - RAM Usage    : 44.3%  (3437 MB used)
2026-05-16 04:52:23,223 - Disk Usage   : 0.2% (2 GB used)
2026-05-16 04:52:23,223 - alert : cpu high!!!
2026-05-16 04:52:33,136 - ---Stats [04:52:33]---
2026-05-16 04:52:33,136 - CPU Usage    : 9.2%
2026-05-16 04:52:33,136 - RAM Usage    : 44.4%  (3448 MB used)
2026-05-16 04:52:33,136 - Disk Usage   : 0.2% (2 GB used)
2026-05-16 04:52:33,136 - alert : cpu high!!!
2026-05-16 04:55:00,155 - ---Stats [04:55:00]---
2026-05-16 04:55:00,155 - CPU Usage    : 3.7%
2026-05-16 04:55:00,155 - RAM Usage    : 44.4%  (3448 MB used)
2026-05-16 04:55:00,155 - Disk Usage   : 0.2% (2 GB used)
2026-05-16 04:55:00,155 - alert : cpu high!!!
2026-05-16 04:55:10,005 - ---Stats [04:55:10]---
2026-05-16 04:55:10,005 - CPU Usage    : 3.0%
2026-05-16 04:55:10,005 - RAM Usage    : 44.3%  (3438 MB used)
2026-05-16 04:55:10,005 - Disk Usage   : 0.2% (2 GB used)
2026-05-16 04:55:10,005 - alert : cpu high!!!
2026-05-16 04:55:19,367 - ---Stats [04:55:19]---
2026-05-16 04:55:19,367 - CPU Usage    : 3.3%
2026-05-16 04:55:19,367 - RAM Usage    : 44.3%  (3436 MB used)
2026-05-16 04:55:19,367 - Disk Usage   : 0.2% (2 GB used)
2026-05-16 04:55:19,367 - alert : cpu high!!!
2026-05-16 04:55:28,928 - ---Stats [04:55:28]---
2026-05-16 04:55:28,929 - CPU Usage    : 2.9%
2026-05-16 04:55:28,929 - RAM Usage    : 44.2%  (3433 MB used)
2026-05-16 04:55:28,929 - Disk Usage   : 0.2% (2 GB used)
2026-05-16 04:55:28,929 - alert : cpu high!!!
2026-05-16 04:55:38,678 - ---Stats [04:55:38]---
2026-05-16 04:55:38,678 - CPU Usage    : 2.4%
2026-05-16 04:55:38,678 - RAM Usage    : 44.2%  (3428 MB used)
2026-05-16 04:55:38,678 - Disk Usage   : 0.2% (2 GB used)
2026-05-16 04:55:38,678 - alert : cpu high!!!
2026-05-16 04:55:48,207 - ---Stats [04:55:48]---
2026-05-16 04:55:48,207 - CPU Usage    : 3.7%
2026-05-16 04:55:48,207 - RAM Usage    : 44.2%  (3433 MB used)
2026-05-16 04:55:48,207 - Disk Usage   : 0.2% (2 GB used)
2026-05-16 04:55:48,207 - alert : cpu high!!!
2026-05-16 04:55:57,625 - ---Stats [04:55:57]---
2026-05-16 04:55:57,625 - CPU Usage    : 2.0%
2026-05-16 04:55:57,625 - RAM Usage    : 44.1%  (3425 MB used)
2026-05-16 04:55:57,625 - Disk Usage   : 0.2% (2 GB used)
2026-05-16 04:55:57,625 - alert : cpu high!!!
2026-05-16 04:56:07,250 - ---Stats [04:56:07]---
2026-05-16 04:56:07,250 - CPU Usage    : 2.6%
2026-05-16 04:56:07,250 - RAM Usage    : 43.8%  (3404 MB used)
2026-05-16 04:56:07,250 - Disk Usage   : 0.2% (2 GB used)
2026-05-16 04:56:07,250 - alert : cpu high!!!
2026-05-16 04:56:16,670 - ---Stats [04:56:16]---
2026-05-16 04:56:16,670 - CPU Usage    : 2.8%
2026-05-16 04:56:16,670 - RAM Usage    : 43.9%  (3405 MB used)
2026-05-16 04:56:16,670 - Disk Usage   : 0.2% (2 GB used)
2026-05-16 04:56:16,670 - alert : cpu high!!!
2026-05-16 04:56:26,090 - ---Stats [04:56:26]---
2026-05-16 04:56:26,090 - CPU Usage    : 2.9%
2026-05-16 04:56:26,090 - RAM Usage    : 43.3%  (3363 MB used)
2026-05-16 04:56:26,090 - Disk Usage   : 0.2% (2 GB used)
2026-05-16 04:56:26,090 - alert : cpu high!!!
2026-05-16 04:56:35,818 - ---Stats [04:56:35]---
2026-05-16 04:56:35,818 - CPU Usage    : 2.2%
2026-05-16 04:56:35,818 - RAM Usage    : 43.3%  (3362 MB used)
2026-05-16 04:56:35,818 - Disk Usage   : 0.2% (2 GB used)
2026-05-16 04:56:35,818 - alert : cpu high!!!
2026-05-16 04:56:45,345 - ---Stats [04:56:45]---
2026-05-16 04:56:45,345 - CPU Usage    : 2.9%
2026-05-16 04:56:45,345 - RAM Usage    : 43.4%  (3367 MB used)
2026-05-16 04:56:45,345 - Disk Usage   : 0.2% (2 GB used)
2026-05-16 04:56:45,345 - alert : cpu high!!!
2026-05-16 04:56:54,864 - ---Stats [04:56:54]---
2026-05-16 04:56:54,864 - CPU Usage    : 3.5%
2026-05-16 04:56:54,864 - RAM Usage    : 43.9%  (3408 MB used)
2026-05-16 04:56:54,864 - Disk Usage   : 0.2% (2 GB used)
2026-05-16 04:56:54,864 - alert : cpu high!!!
2026-05-16 04:57:05,102 - ---Stats [04:57:05]---
2026-05-16 04:57:05,102 - CPU Usage    : 3.0%
2026-05-16 04:57:05,102 - RAM Usage    : 44.1%  (3421 MB used)
2026-05-16 04:57:05,102 - Disk Usage   : 0.2% (2 GB used)
2026-05-16 04:57:05,102 - alert : cpu high!!!
2026-05-16 04:57:14,319 - ---Stats [04:57:14]---
2026-05-16 04:57:14,319 - CPU Usage    : 2.4%
2026-05-16 04:57:14,319 - RAM Usage    : 44.0%  (3417 MB used)
2026-05-16 04:57:14,319 - Disk Usage   : 0.2% (2 GB used)
2026-05-16 04:57:14,319 - alert : cpu high!!!
2026-05-16 04:57:23,842 - ---Stats [04:57:23]---
2026-05-16 04:57:23,842 - CPU Usage    : 2.9%
2026-05-16 04:57:23,843 - RAM Usage    : 43.7%  (3393 MB used)
2026-05-16 04:57:23,843 - Disk Usage   : 0.2% (2 GB used)
2026-05-16 04:57:23,843 - alert : cpu high!!!
2026-05-16 04:57:34,000 - ---Stats [04:57:34]---
2026-05-16 04:57:34,000 - CPU Usage    : 2.6%
2026-05-16 04:57:34,000 - RAM Usage    : 43.8%  (3399 MB used)
2026-05-16 04:57:34,000 - Disk Usage   : 0.2% (2 GB used)
2026-05-16 04:57:34,000 - alert : cpu high!!!
